-- MySQL dump 10.13  Distrib 5.7.22, for Linux (x86_64)
--
-- Host: localhost    Database: millerdb
-- ------------------------------------------------------
-- Server version	5.7.22-0ubuntu0.17.10.1

/*!40101 SET @OLD_CHARACTER_SET_CLIENT=@@CHARACTER_SET_CLIENT */;
/*!40101 SET @OLD_CHARACTER_SET_RESULTS=@@CHARACTER_SET_RESULTS */;
/*!40101 SET @OLD_COLLATION_CONNECTION=@@COLLATION_CONNECTION */;
/*!40101 SET NAMES utf8 */;
/*!40103 SET @OLD_TIME_ZONE=@@TIME_ZONE */;
/*!40103 SET TIME_ZONE='+00:00' */;
/*!40014 SET @OLD_UNIQUE_CHECKS=@@UNIQUE_CHECKS, UNIQUE_CHECKS=0 */;
/*!40014 SET @OLD_FOREIGN_KEY_CHECKS=@@FOREIGN_KEY_CHECKS, FOREIGN_KEY_CHECKS=0 */;
/*!40101 SET @OLD_SQL_MODE=@@SQL_MODE, SQL_MODE='NO_AUTO_VALUE_ON_ZERO' */;
/*!40111 SET @OLD_SQL_NOTES=@@SQL_NOTES, SQL_NOTES=0 */;

--
-- Table structure for table `boxes`
--

DROP TABLE IF EXISTS `boxes`;
/*!40101 SET @saved_cs_client     = @@character_set_client */;
/*!40101 SET character_set_client = utf8 */;
CREATE TABLE `boxes` (
  `id` int(11) NOT NULL AUTO_INCREMENT,
  `descripcion` text COLLATE utf8_unicode_ci,
  `sector_id` int(11) DEFAULT NULL,
  `category_id` int(11) DEFAULT NULL,
  `codigo` varchar(255) COLLATE utf8_unicode_ci DEFAULT NULL,
  `ubicacion` varchar(255) COLLATE utf8_unicode_ci DEFAULT NULL,
  `precinto_A` varchar(255) COLLATE utf8_unicode_ci DEFAULT NULL,
  `precinto_B` varchar(255) COLLATE utf8_unicode_ci DEFAULT NULL,
  `fecha` date DEFAULT NULL,
  `created_at` datetime NOT NULL,
  `updated_at` datetime NOT NULL,
  PRIMARY KEY (`id`),
  KEY `index_boxes_on_sector_id` (`sector_id`),
  KEY `index_boxes_on_category_id` (`category_id`),
  CONSTRAINT `fk_rails_a1e7246feb` FOREIGN KEY (`sector_id`) REFERENCES `sectors` (`id`),
  CONSTRAINT `fk_rails_ed40c66381` FOREIGN KEY (`category_id`) REFERENCES `categories` (`id`)
) ENGINE=InnoDB AUTO_INCREMENT=491 DEFAULT CHARSET=utf8 COLLATE=utf8_unicode_ci;
/*!40101 SET character_set_client = @saved_cs_client */;

--
-- Dumping data for table `boxes`
--

LOCK TABLES `boxes` WRITE;
/*!40000 ALTER TABLE `boxes` DISABLE KEYS */;
INSERT INTO `boxes` VALUES (16,'Remitos MBI Verdes 23201 a 26399',6,20,'PCR16110000','AC2','742745','742593','2016-11-11','2016-11-11 13:09:51','2016-11-16 18:41:36'),(17,'Remitos MBI 26400 a 29600',6,20,'PCR16110001','AA2','742522','742715','2016-11-11','2016-11-11 13:16:51','2016-11-14 12:20:19'),(18,'Certif-Calidad y Remitos Prov.2014-2015',6,19,'PCC16110002','AA3','742595','742592','2016-11-11','2016-11-11 13:30:16','2016-11-14 12:20:32'),(19,'Vales Pl-Etiq.Chapa Siderar',6,17,'PCE16110003','AA3','742596','742512','2016-11-11','2016-11-11 13:36:07','2016-11-14 12:20:48'),(20,'543 Planos planta I',6,34,'PCP16110004','AA3','742578','742547','2016-11-11','2016-11-11 13:40:14','2016-11-14 12:21:04'),(21,'493-Nestle. 463-Qbox. 459-Coto Higland. 435-Yaguar. Mantenimiento de obras 2013. 496-Inergy. 432-Upa Los Hornos. 512-Coma. 421-Arcor. 419-Center Box. 494-Arcor Converflex. 500-Upa Berazategui. 505-Upa Hurlingham. 477-Cetrogar. 503-Upa Moreno. ',7,33,'COO16110000','AA2','742701','742702','2016-11-11','2016-11-11 13:42:37','2016-11-14 12:21:20'),(22,'Planos PL. Obras 517-516-513-515',6,34,'PCP16110005','AA2','742521','742581','2016-11-11','2016-11-11 14:03:23','2016-11-14 12:21:44'),(23,'29600-29301 OP-MBI-2014',4,10,'ADP16110000','AC3','742582','742104','2016-11-11','2016-11-11 14:12:16','2017-05-05 13:53:00'),(24,'Planos PL 543 (2) - 542 - 544',6,34,'PCP16110006','AA1','742589','742720','2016-11-11','2016-11-11 14:14:33','2016-11-14 12:22:23'),(25,'501-Fcio Varela. 513-Upa Mar del Plata. 475-Coarco. 507-Coto Acassuso. 504-Upa Jose C Paz. 447-El Atamisque. 527-Pergola casa FOA. 518-Ceamse. 466-Logistica de Argentina. 492-Ewar S.A. 502-Upa 3 de febrero. 478-Kartonsec. 479-Vital Pilar. 528-Sodimac Tortuguitas. 532-Eladio Gonzalez. 526-Expreso Rivadavia. 437-Proas Logistica. 482-Vital La Plata. 506-Maxiconsumo Moreno.',7,33,'COO16110001','AA3','742708','742709','2016-11-11','2016-11-11 14:17:21','2016-11-14 12:22:53'),(26,'29601-29900 OP-MBI-2014',4,10,'ADP16110001','AA1','742115','742504','2016-11-11','2016-11-11 14:23:19','2017-05-05 13:53:44'),(27,'480-La Ñata. 497-Ba Park. 519-Emprendimiento 2010. 540-Cartocor. 491-Alvaro Sanchez Noya. 537-Cresko. 265-Pluslog. 248-Fincas. 516-Upa Olmos. 545-Alltrade. 522-Upa Madariaga. 425-Tecnopolis. Planos UPA. 489-El Indio. 514-Upa Quilmes. 515-Upa Zarate. 520-Upa La Matanza. 467-Saint Gobaint.',7,33,'COO16110002','AA2','742719','742716','2016-11-11','2016-11-11 14:24:59','2016-11-14 12:23:41'),(28,'29901-30200 OP-MBI-2014',4,10,'ADP16110002','AA2','742134','742506','2016-11-11','2016-11-11 14:27:38','2017-05-05 13:54:13'),(29,'30201-30399 OP-MBI-2014',4,10,'ADP16110003','AA1','742503','742508','2016-11-11','2016-11-11 14:32:52','2016-11-14 12:24:45'),(30,'30400-30650 OP-MBI-2014',4,10,'ADP16110004','AC3','742511','742513','2016-11-11','2016-11-11 14:40:30','2016-11-14 12:25:06'),(31,'Etiq. Obras desde Mayo 2016',6,17,'PCE16110007','AA3','742599','742574','2016-11-11','2016-11-11 14:43:05','2016-11-14 12:27:32'),(32,'30651-30890 OP-MBI-2014',4,10,'ADP16110005','AC3','742565','742515','2016-11-11','2016-11-11 14:50:37','2016-11-14 12:25:19'),(33,'30891-31060 OP-MBI-2014',4,10,'ADP16110006','AA1','742585','742528','2016-11-11','2016-11-11 14:52:35','2016-11-14 12:25:32'),(34,'Vales Febrero-Marzo-Abril-Mayo-Junio 2016',6,18,'PCV16110008','AC3','742560','742594','2016-11-11','2016-11-11 14:52:47','2016-11-14 12:27:49'),(35,'31061-31299 OP-MBI-2014',4,10,'ADP16110007','AC3','742561','742305','2016-11-11','2016-11-11 14:54:24','2017-08-25 11:24:47'),(36,'31300-31489 OP-MBI-2014',4,10,'ADP16110008','AA1','742507','742577','2016-11-11','2016-11-11 14:55:33','2016-11-14 12:26:20'),(37,'31490-31677 OP-MBI-2014',4,10,'ADP16110009','AA2','742588','742580','2016-11-11','2016-11-11 14:57:20','2016-11-14 12:26:37'),(38,'PL.543-545-538-432-520-554-518',6,34,'PCP16110009','AC2','742600','742724','2016-11-11','2016-11-11 14:57:55','2016-11-14 12:28:13'),(39,'PL 530-429-521-539',6,17,'PCE16110010','AC3','742753','742735','2016-11-11','2016-11-11 15:12:12','2016-11-14 12:28:30'),(40,'PL 535 y 536',6,34,'PCP16110011','AA1','742746','742731','2016-11-11','2016-11-11 15:28:32','2016-11-14 12:29:05'),(41,'451-Upa Lezama. 460-Works Group. Remitos varios. 444-La Ñata. 442-Toyota Tawara. 426-Molinos Cañuelas. 541-Helpa. 539-Vital Moreno. Qbox. 530-Budeguer. 556-Vital Avellaneda. Cuadernos. Talonarios de Solicitudes.',7,33,'COO16110003','AA3','742711','742706','2016-11-11','2016-11-11 17:27:08','2016-11-14 12:27:16'),(43,'CAJA 00\r\n\r\nPARTES DIARIOS DE TAREAS DEL PERSONAL		\r\n		\r\n	ENERO	2015\r\n	FEBRERO	2015\r\n	MARZO	2015\r\n	ABRIL	2015\r\n	MAYO	2015\r\n	JUNIO	2015\r\n	JULIO	2015\r\n	AGOSTO	2015\r\n	SEPTIEMBRE 	2015\r\n	OCTUBRE	2015\r\n	NOVIEMBRE 	2015\r\n	DICIEMBRE	2015\r\n',8,30,'RHP15120000','AD3','742729','742764','2015-12-20','2016-11-11 17:56:57','2017-01-25 11:24:47'),(44,'CAJA 01\r\n\r\nPARTES DE AUSENCIAS 2014\r\n\r\nENERO\r\nFEBRERO\r\nMARZO\r\nABRIL\r\nMAYO\r\nJUNIO\r\nJULIO\r\nAGOSTO\r\nSEPTIEMBRE\r\nOCTUBRE\r\nNOVIEMBRE\r\nDICIEMBRE\r\n\r\nPARTES DE AUSENCIAS 2015\r\nENERO\r\nFEBRERO\r\nMARZO\r\nABRIL\r\nMAYO\r\nJUNIO\r\n',8,30,'RHP15060001','AD3','742771','742778','2015-06-11','2016-11-11 17:58:44','2017-01-25 11:24:56'),(45,'CAJA 02\r\n\r\nPARTE DE TAREAS DIARIOS.		\r\n		\r\n	ENERO	2014\r\n	FEBRERO 	2014\r\n	MARZO	2014\r\n	ABRIL	2014\r\n	MAYO	2014\r\n	JUNIO	2014\r\n	JULIO	2014\r\n	OCUTUBRE	2014\r\n	DICIEMBRE	2014\r\n		\r\n',8,30,'RHP14120002','AD3','742721','938118','2014-12-11','2016-11-11 18:01:07','2018-01-19 20:22:17'),(46,'CAJA 03\r\n\r\nOBRA 437: PROAS LOGISTICAS	PROGRAMA DE SEGURIDAD\r\nOBRA 447: EL ATAMISQUE	PROGRAMA DE SEGURIDAD\r\nOBRA 448: MIRALAOS SPA	PROGRAMA DE SEGURIDAD\r\nOBRA 460: WORKS GROUP	PROGRAMA DE SEGURIDAD\r\nOBRA 462: GRANJA LA ESCALADA	PROGRAMA DE SEGURIDAD\r\nOBRA 466: LOGISTICA DE ARGENTINA	PROGRAMA DE SEGURIDAD\r\nOBRA 475: COARCO	PROGRAMA DE SEGURIDAD\r\nOBRA 477: CETROGAR 	PROGRAMA DE SEGURIDAD\r\nOBRA 478: KARTONCEC	PROGRAMA DE SEGURIDAD\r\nOBRA 479: VITALPILAR	PROGRAMA DE SEGURIDAD\r\nOBRA 480: LAÑIATA  FUT SAL	PROGRAMA DE SEGURIDAD\r\nOBRA 492: EGUAR	PROGRAMA DE SEGURIDAD\r\nOBRA 495: MAXI CONSUMO BRAGADO 	PROGRAMA DE SEGURIDAD\r\nOBRA 496: INEGY	PROGRAMA DE SEGURIDAD\r\nOBRA 506: MAXICONSUMO MORENO 	PROGRAMA DE SEGURIDAD\r\nOBRA 507: COTO ACASUSO 	PROGRAMA DE SEGURIDAD\r\nOBRA 508: COTO PARANA 	PROGRAMA DE SEGURIDAD\r\nOBRA 494: ARCOR 	PROGRAMA DE SEGURIDAD\r\n	\r\nUPA 	\r\n513 MAR DEL PLATA	PROGRAMA DE SEGURIDAD\r\n514 QUILMES	PROGRAMA DE SEGURIDAD\r\n515 ZARATE 	PROGRAMA DE SEGURIDAD\r\n516 OLMOS	PROGRAMA DE SEGURIDAD\r\n517 GRAL. RODRIGUEZ	PROGRAMA DE SEGURIDAD\r\n518 CEAMSE	PROGRAMA DE SEGURIDAD\r\n520 LA MATANZA 	PROGRAMA DE SEGURIDAD\r\n526 EXPRESO RICVADAVIA 	PROGRAMA DE SEGURIDAD\r\n527 CASA FOA 	PROGRAMA DE SEGURIDAD\r\n528 SODIMAC TORTUGUITAS	PROGRAMA DE SEGURIDAD\r\n522GRAL. MARADIAGA	PROGRAMA DE SEGURIDAD\r\n502 3 DE FEBRERO 	PROGRAMA DE SEGURIDAD\r\n503 MORENO	PROGRAMA DE SEGURIDAD\r\n504 JOSE C PAZ	PROGRAMA DE SEGURIDAD\r\n505 HURLINGAM	PROGRAMA DE SEGURIDAD\r\n501 FLORENCIO VARELA	PROGRAMA DE SEGURIDAD\r\n500 BERAZATEGUI	PROGRAMA DE SEGURIDAD\r\n488 PUNTA MOGOTE 	PROGRAMA DE SEGURIDAD\r\n451 LEZAMA 	PROGRAMA DE SEGURIDAD\r\n',8,30,'RHP15120003','AD3','938108','938109','2015-12-11','2016-11-11 18:02:56','2018-01-19 20:21:44'),(47,'CAJA 04\r\n\r\nAUTORIZACION HORAS EXTRAS		\r\n		\r\n	ENERO	2014\r\n	FEBRERO	2014\r\n	MARZO	2014\r\n	ABRIL	2014\r\n	MAYO	2014\r\n	JUNIO	2014\r\n	JULIO	2014\r\n	AGOSTO	2014\r\n	SEPTIEMBRE	2014\r\n	OCTUBRE	2014\r\n	NOVIEMBRE	2014\r\n	DICIEMBRE	2014\r\n		\r\nAUTORIZACION HORAS EXTTRAS		\r\n		\r\n	ENERO	2015\r\n	FEBRERO	2015\r\n	MARZO	2015\r\n	ABRIL	2015\r\n	MAYO	2015\r\n	JUNIO	2015\r\n	JULIO	2015\r\n	AGOSTO	2015\r\n	SEPTIEMBRE	2015\r\n	OCTUBRE	2015\r\n	DICIEMBRE	2015\r\n',8,30,'RHP15110004','AD3','742703','742728','2015-11-11','2016-11-11 18:04:41','2017-01-25 11:26:22'),(48,'Etiq.Obra 2015',6,17,'PCE16110012',NULL,'742712','742718','2016-11-11','2016-11-11 18:06:01','2016-11-11 18:06:01'),(49,'CAJA 05\r\n\r\nCONTROL DE VEHÍCULOS		\r\n		\r\n	ENERO	2014\r\n	FEBRERO	2014\r\n	MARZO	2014\r\n	ABRIL	2014\r\n	MAYO	2014\r\n	JUNIO	2014\r\n	JULIO	2014\r\n	AGOSTO	2014\r\n	SEPTIEMBRE	2014\r\n	OCTUBRE	2014\r\n	DICIEMBRE	2014\r\n		\r\nCONTROL DE VEHICULOS 		\r\n		\r\n	ENERO	2015\r\n	FEBRERO	2015\r\n	MARZO	2015\r\n	ABRIL	2015\r\n	MAYO	2015\r\n	JUNIO	2015\r\n	JULIO	2015\r\n	AGOSTO	2015\r\n	SEPTIEMBRE	2015\r\n	OCTUBRE	2015\r\n	NOVIEMBRE	2015\r\n',8,30,'RHP15110005','AD3','742759','742758','2015-11-11','2016-11-11 18:06:46','2017-01-25 11:26:34'),(50,'PL. 474-519-501-527-514-486-479-506-482-461-437-526-498-485-500-502-480-513-504-499-475-494-482-505-457-447-532-531-556-511.',6,34,'PCP16110013',NULL,'742750','742726','2016-11-11','2016-11-11 18:11:16','2016-11-11 18:11:16'),(51,'caja 06\r\n\r\nLEGAJOS  DE PERSONAL-OBRA				\r\n				\r\n	PIZZOLITTO VALENTIN		EMSA	1072\r\n	ESCOBAR SOTELO ABERTO		EMSA	826\r\n	ORTIZ HUGO		EMSA	1046\r\n	MOREL ENRIQUE		EMSA	914\r\n	GOMEZ PABLO		EMSA	1052\r\n	GOMEZ JONATAN		EMSA	1053\r\n	VENZO EMANUEL		EMSA	1073\r\n	LEITES DOS SANTOS IVAN		EMSA	1065\r\n	LEITES DOS SANTOS ANTONIO		EMSA	1064\r\n	RODRIGUEZ JORGE		EMSA	1067\r\n	RODRGUEZ CRISTIAN		EMSA	1066\r\n	LEITES DOS SANTOS OSCAR		EMSA	1063\r\n	PALACIO RODRIGO		EMSA	1071\r\n	GIMENEZ WALTER		EMSA	1091\r\n	GONZALEZ DANIEL		EMSA	1092\r\n	ENRIQUE JAVIER		EMSA	1093\r\n	MILTOS JORGE ALBERTO		EMSA	1087\r\n	SILVERA HORACIO		EMSA	1068\r\n	GOMEZ ESTEBAN ISMAEL		EMSA	1038\r\n	GEUNA DIEGO FABIAN		EMSA	1037\r\n	CEPEDA HUGO		EMSA	1035\r\n	FIGUEREDO PEDRO HERNAN		EMSA	1036\r\n	GAUNA ANTONIO NICANOR		EMSA	960\r\n	VAZQUEZ ROBERTO MAXIMILIANO		EMSA	961\r\n	VILLAR DANIEL RODRIGO		EMSA	1024\r\n	PONCE RAUL ALBERTO		EMSA	1040\r\n	ALVAREZ ROBERT0 OVIDIO		EMSA	1039\r\n	ESQUIVEL AXEL DAMIAN		EMSA	824\r\n	MUÑOZ CARLOS MAURICIO		EMSA	825\r\n	RAMOS CRISTIAN JULIO		EMSA	882\r\n	GONZALEZ JESUS		EMSA	835\r\n	CIMADORO MARCELO MARTIN		EMSA	820\r\n	BOGADO BEATO ROQUE		EMSA	948\r\n	GUILLIN CRISTIAN DAMIAN		EMSA	956\r\n	CACERES EDGARD		EMSA	937\r\n	MIÑO FABIO LUIS		EMSA	821\r\n	GALLO IVAN EZEQUIEL		EMSA	284\r\n	QUIÑONES NESTOR FABIAN		EMSA	1004\r\n	MONTIEL RAMON AGUSTIN		EMSA	780\r\n	GARAY HERNAN DARIO		EMSA	1003 (IERIC 03-1)\r\n	GARAY JUAN CARLOS		EMSA	949  \r\n	GUAMAN GONZALO		EMSA	910  (IERIC 03-1)\r\n	GALLO BRAIAN		EMSA	562          (IERIC 03-1)\r\n	ENRIQUEZ GABRIEL ALEJANDRO  EMSA 494  (IERIC 03-1)\r\n	ORTIZ JORGE MARIO		EMSA	1043\r\n	FLEITA ELIO ARIEL		EMSA	1042\r\n	 GALLO FERNANDO OSCAR		EMSA	7\r\n	GUELET JOSE MAURICIO		EMSA	827\r\n	GLINKA ESTEBAN VALENTIN		EMSA	1069\r\n	TORRES GUSTAVO EZEQUIEL		EMSA	1016\r\n	MARCHIONI EZEQUIEL OSCAR		EMSA	965\r\n	SANCHEZ JOSE ANGEL		EMSA	1015\r\n	 AROVI GABIREL GONZALO		EMSA	1085\r\n	GONZALEZ JONATHAN LEONEL		EMSA	963\r\n	TARTABINI JORGE ANTONIO		EMSA	964\r\n	TOLOZA LEANDRO DANIEL		EMSA	924\r\n	CANALE CRISTIAN GASTON		EMSA	923\r\n	CARRANZA JOSE ANTONIO		EMSA	920\r\n	MANSILLA GUSTAVO JAVIER		EMSA	836\r\n	SERRANO GERMAN ERNESTO		EMSA	822\r\n	TERAN EMANUEL		EMSA	514\r\n',8,29,'RHL16110006','BG2','742262','742259','2016-11-11','2016-11-11 18:12:02','2017-05-03 18:10:17'),(52,'caja 07\r\n\r\nLEGAJOS DE PERSONAL 				\r\n				\r\n	VICENTE PATRICIO RAUL		MBI	289\r\n	MAIDANA ESTECHE CARMEN		MBI	270\r\n	CECYS MARIA DE LOS ANGELES		MBI	280\r\n	TANO			\r\n	FATUM HECTOR ALBERTO	SUPERV DE OBRA-TUCUMAN		\r\n	CEBALLOS DARIO JESUS			\r\n	MOSCATELLI PABLO			\r\n	MONTIEL CESAR			\r\n	ROMANO VANINA VALERIA		EMSA	889\r\n	FERRARESO LUCAS JAVIER		EMSA	946\r\n	COMAS JONATAN ALBERTO		EMSA	789\r\n	BURRIEL MARCELO FEDERICO		MBI	288\r\n	GERKE BARUA WILFREDO		EMSA	1033\r\n	FERNANDEZ JUAN FRANCISCO		EMSA	1013\r\n	SUAREZ RUVBEN IVAN		EMSA	1060\r\n	URO VIDAL LUIS MERCELO		EMSA	952\r\n	BRANCHINI CEFERINO RUBEN		EMSA	894\r\n	KAUFAMANN FABIAN ANDRES		EMSA	1084\r\n	MONTES IGNACIO 		EMSA	1023\r\n	VALENZUELA LUCAS NICOLAS		EMSA	931\r\n	GAUNA JORGE LUIS		EMSA	235\r\n	BARRIENTO JUAN JOSE		EMSA	932\r\n	CERRELLA LUCAS ARIEL		EMSA	1079\r\n	AMATO MARIANO		EMSA	1047\r\n	SOSA GUILLERMINA ANALY		EMSA	1044\r\n	TOLEDO MIGUEL ANGEL		EMSA	1082\r\n	BANTI JAVIER MAXIMILIANO		EMSA	1054\r\n	BARRERA FEDERICO		EMSA	1089\r\n	GAMON CARLOS 		MBI	333\r\n',8,31,'RHL15110007','AC1','742757','742780','2015-11-11','2016-11-11 18:15:52','2017-01-25 11:35:06'),(53,'CAJA 08\r\n				\r\nLEGAJOS				\r\n	LENCINA JULIO		        EMSA	942\r\n	ELGAR IVAN		        EMSA	\r\n	PEREYRA JUAN MANUEL		EMSA	997\r\n	LOMBARDIA JONATHAN		EMSA	977\r\n	APARICIO RIVERA VICENTE	MBI	274\r\n	MONTAÑO MIGUEL ANGUEL	EMSA	719\r\n	CABRERA RODOLGO MARCIAL	EMSA	546\r\n	GIMEÑEZ FRANCISCO		EMSA	629\r\n	PACHECO RICARDO WALTER	EMSA	752\r\n	CASALI ALEJANDRO 		MBI	243\r\n	BENITEZ PABLO CESAR		MBI	\r\n	GOMEZ JOANA SOLEDAD		EMSA	1070\r\n	SKARZAUSKAS MARIA DEL ROSARIO		EMSA	195\r\n	LOPEZ SERGIO DANIEL		EMSA	1096\r\n	BUSTAMANTE MATIAS GABRIEL		EMSA	1086\r\n	BARRAGAN DANIEL CESAR		EMSA	957\r\n	BARRAGAN JOSE MARIA		EMSA	959\r\n	GALLO HIPOLITO OSCAR		EMSA	6\r\n				\r\n				\r\nENTREGA DE EPP				\r\n	GIMENEZ MARCOS			\r\n	LEMA NICOLAS			\r\n	PARE RODOLFO			\r\n	MAIDANA CARMEN			\r\n	RIOS CARLOS			\r\n	VALENZUELA LUCAS			\r\n	RODRIGUEZ MARTIN			\r\n	ROMERO GUSTAVO			\r\n	RODRIGUEZ DIEGO			\r\n	POLVERIGUIANI GERARDO			\r\n	MARAZZI MARCELO			\r\n	GIMENEZ JORGE			\r\n	FLORENCIANO IVAN			\r\n	DURAN EUGENIO			\r\n',8,29,'RHR14090008','AC1','742777','742272','2014-09-11','2016-11-11 18:18:57','2018-01-24 11:16:42'),(54,'PL Carlos',6,34,'PCP16110014',NULL,'742733','742739','2016-11-11','2016-11-11 18:31:54','2016-11-11 18:31:54'),(55,'CAJA 9\r\n\r\nBORRADORES DE LIQUIDACIÓN 2014',8,30,'RHP14120009','AC1','742785','742755','2014-12-30','2016-11-11 18:46:57','2017-01-25 11:35:44'),(56,'CAJA 10\r\n\r\nBORRADORES DE LIQUIDACIÓN 2014',8,30,'RHP14120010','AC1','742781','742786','2014-12-30','2016-11-11 18:49:31','2017-01-25 11:36:26'),(57,'CAJA 11\r\n\r\nBORRADORES DE LIQUIDACION 2014',8,30,'RHP14120011','AC1','938110','742751','2014-12-30','2016-11-11 18:52:02','2018-01-19 20:21:11'),(58,'CAJA 12\r\n\r\nVARIOS\r\nTELÉFONOS, VIÁTICOS, SOLICITUDES DE COMPRA, SERVICIOS EXTERNOS 2012/2013/2014',8,30,'RHR14120012','AC2','742756','742799','2014-12-30','2016-11-11 18:57:16','2017-01-25 11:37:10'),(59,'CAJA 13\r\n\r\nVARIOS: PLANILLAS DE SEG Y LIMPIEZA, DOC DE CHOFERES 2014/2015',8,30,'RHR15120013','AC2','742790','742783','2015-12-30','2016-11-11 19:02:20','2017-01-25 11:37:20'),(60,'CAJA 14\r\n\r\nDOCUMENTACION PARA OBRAS / SUBCONTRATISTAS 2015',8,29,'RHP15120014','AC2','742794','938170','2015-12-30','2016-11-11 19:04:11','2018-01-19 20:12:55'),(61,'CAJA 15\r\n\r\nVARIOS: SOLICITUDES DE COMPRA 2015, AUSENTISMO/ SANCIONES 2014 Y PERSONAL EXTERNO',8,30,'RHP15120015','BE2','742961','742970','2015-12-30','2016-11-11 19:06:38','2017-03-31 19:21:49'),(62,'Planos Planta De Todo-492-493-494-496-497-498-513-460-439-488-413-491-555-SP-549-550-206-437-528-477-507-457-540-541-265-523',6,34,'PCP16110015',NULL,'742742','742774','2016-11-11','2016-11-11 19:33:44','2016-11-11 19:33:44'),(63,'28101-28450 OP-MBI 2013',4,10,'ADP16110010','AB1','742555','742551','2016-11-14','2016-11-14 18:49:11','2016-11-16 18:27:43'),(64,'28451-28850 OP-MBI-2013',4,10,'ADP16110011','AD2','742556','742540','2016-11-14','2016-11-14 18:50:33','2016-11-16 18:28:32'),(65,'28851-29250 OP MBI 2013',4,10,'ADP16110012','AD2','742550','742385','2016-11-14','2016-11-14 18:51:34','2017-06-12 19:46:15'),(66,'14511-14702 / 12961-13130 / 13520-13590 / 13981-14029 / 15501-15539 /12890-12957 /13131-13209 OP-MBI-2008',4,10,'ADP16110013','AB3','742479','742478','2016-11-15','2016-11-15 20:23:01','2016-11-16 18:28:47'),(67,'12722-12956 / 14437-14510 / 14703-14770 / 15261-15320/ 15322-15380 / 13922-13980 / 14336-14436 / 15421-15459 OP-MBI-2008',4,10,'ADP16110014','AB3','742471','742493','2016-11-15','2016-11-15 20:28:41','2016-11-16 18:28:53'),(68,'14771-14888 / 14031-14116 / 14255-14355 / 13591-13670 / 13672-13760 / 14155-14178 / 12611-12720 / 14117-14154 OP-MBI-2008',4,10,'ADP16110015','AB3','742492','742494','2016-11-15','2016-11-15 20:33:58','2016-11-16 18:29:03'),(69,'14179-14253 / 13371-13459 / 13761-13825 / 13826-13920 / 15040-15100 / 15101-15160 / 15460-15500 / 15541-15580 OP-MBI-2008',4,10,'ADP16110016','AB2','742419','742472','2016-11-15','2016-11-15 20:37:22','2016-11-16 18:29:09'),(70,'15880-15899/16051-16099/16100-16150/15870-15801/15821-15840/15879-15841/16050-16020/12678-10863/15800-15740 OP-MBI-2008',4,10,'ADP16110017','AB1','742476','742474','2016-11-15','2016-11-15 20:40:51','2016-11-16 18:30:00'),(71,'16650-17139 OP-MBI-2009',4,10,'ADP16110018','AB3','742411','742473','2016-11-15','2016-11-15 20:43:44','2016-11-16 18:30:08'),(72,'17140-17599 OP-MBI-2009         \r\n\r\n',4,10,'ADP16110019','AD2','742402','742418','2016-11-15','2016-11-15 20:45:13','2016-11-16 18:30:16'),(73,'17600-18099 OP-MBI-2009',4,10,'ADP16110020','AD2','742403','742443','2016-11-15','2016-11-15 20:46:54','2016-11-16 18:30:22'),(74,'18100-18599 OP-MBI-2009',4,10,'ADP16110021','AD2','742404','742409','2016-11-15','2016-11-15 20:49:31','2016-11-16 18:30:31'),(75,'16151-16590 OP-MBI-2008',4,10,'ADP16110022','AB1','742412','742408','2016-11-15','2016-11-15 20:51:07','2016-11-16 18:30:57'),(76,'15900-16649 / 14941-15039/12610-12551/13519-13460 OP-MBI-2008\r\n18600-18800  OP-MBI-2010\r\n',4,10,'ADP16110023','AB2','742416','742435','2016-11-15','2016-11-15 20:54:17','2016-11-16 18:31:38'),(77,'18801-19250 OP-MBI-2010',4,10,'ADP16110024','AB2','742432','742440','2016-11-16','2016-11-16 11:41:32','2016-11-16 18:31:44'),(78,'19251-19750 OP-MBI-2010',4,10,'ADP16110025','AB2','742433','742407','2016-11-16','2016-11-16 11:42:36','2016-11-16 18:31:52'),(79,'19751-20209 OP-MBI-2010',4,10,'ADP16110026','AB3','742430','742405','2016-11-16','2016-11-16 11:43:29','2016-11-16 18:32:05'),(80,'20210-20670 OP-MBI-2010',4,10,'ADP16110027','AD2','742410','742441','2016-11-16','2016-11-16 11:45:01','2016-11-16 18:32:12'),(81,'20671-21070 OP-MBI-2010',4,10,'ADP16110028','AB2','742406','742467','2016-11-16','2016-11-16 11:46:09','2016-11-16 18:32:19'),(82,'14891-13300-15191-15620 OP-MBI-2008',4,10,'ADP16110029','AB3','742401','742429','2016-11-16','2016-11-16 11:51:30','2016-11-16 18:32:28'),(83,'10511-11200 OP-MBI-2006',4,10,'ADP16110030','AB2','742531','742552','2016-11-16','2016-11-16 12:03:05','2016-11-16 18:32:44'),(84,'21201-21610 / 20723-209751-20377-20428-20475-16213-19175-19815-16093 OP-MBI-2011',4,10,'ADP16110031','AE2','742537','742546','2016-11-17','2016-11-17 11:24:12','2016-11-21 18:03:38'),(85,'21611-21999 OP-MBI-2011',4,10,'ADP16110032','AD1','742482','742387','2016-11-17','2016-11-17 11:26:01','2017-07-14 18:53:16'),(86,'24481-24700 / 23728-23942 OP-MBI-2012',4,10,'ADP16110033','AE2','742514','742475','2016-11-17','2016-11-17 11:26:56','2016-11-21 18:03:59'),(87,'23943-24290 OP-MBI-2012',4,10,'ADP16110034','AE3','742477','742524','2016-11-17','2016-11-17 11:27:41','2016-11-21 18:04:11'),(88,'23860-23899 / 2435124420 / 24421-24480 /24701-24900 OP-MBI-2012',4,10,'ADP16110035','AE3','742567','742579','2016-11-17','2016-11-17 11:29:46','2016-11-21 18:04:22'),(89,'24901-25250 OP-MBI-2012',4,10,'ADP16110036','AE2','742587','742510','2016-11-17','2016-11-17 11:30:35','2016-11-21 18:04:37'),(90,'25251-25600 OP-MBI-2012',4,10,'ADP16110037','AD1','742554','742570','2016-11-17','2016-11-17 11:32:10','2016-11-21 18:05:08'),(91,'25601-25950 OP-MBI-2012',4,10,'ADP16110038','AD1','742536','742337','2016-11-17','2016-11-17 11:32:55','2017-09-07 17:41:09'),(92,'25951-26300 OP-MBI-2012',4,10,'ADP16110039','AB1','742544','742523','2016-11-17','2016-11-17 11:38:44','2016-11-21 18:05:37'),(93,'26301-24359 OP-MBI-2012',4,10,'ADP16110040','AE3','742541','742532','2016-11-17','2016-11-17 11:40:20','2016-11-21 18:05:48'),(94,'22760-23190 OP-MBI-2011',4,10,'ADP16110041','AD1','742470','742455','2016-11-18','2016-11-18 15:42:53','2016-11-21 18:05:55'),(95,'23191-23580 OP-MBI-2011',4,10,'ADP16110042','AB1','742460','742463','2016-11-18','2016-11-18 15:44:15','2016-11-21 18:06:22'),(96,'23581-23727 / 22451-22599 / 22300-22459 OP-MBI-2011\r\n',4,10,'ADP16110043','AB1','742431','742458','2016-11-18','2016-11-18 15:46:39','2016-11-21 18:06:35'),(97,'22174-22299/22600-227590/022082-22173/22000-22050/22057-22080 OP-MBI-2011 ',4,10,'ADP16110044','AE2','742468','742462','2016-11-18','2016-11-18 15:54:47','2016-11-21 18:06:41'),(98,'26551-26950 OP-MBI-2013',4,10,'ADP16110045','AD1','742464','742439','2016-11-18','2016-11-18 15:58:56','2016-11-21 18:06:56'),(99,'26951-27250 OP-MBI-2013',4,10,'ADP16110046','AE3','742436','742444','2016-11-18','2016-11-18 17:02:26','2016-11-21 18:07:07'),(100,'27251-27600 OP-MBI-2013',4,10,'ADP16110047','AD1','742466','742438','2016-11-18','2016-11-18 17:03:14','2016-11-21 18:07:22'),(101,'27601-27950 OP-MBI-2013',4,10,'ADP16110048','AE2','742442','742454','2016-11-18','2016-11-18 17:04:06','2016-11-21 18:07:31'),(102,'27951-28050 OP-MBI-2013\r\n21091-21200 OP-MBI-2010\r\n29251-29300 OP-MBI-2014\r\n24053-28933 OP-MBI-2012 Y 2013\r\n29022-29047-29057-29138-29135-29114 OP-MBI-2013\r\n29294-29280-29277 OP-MBI-2014\r\n',4,10,'ADP16110049','AE2','742427','742375','2016-11-18','2016-11-18 17:17:26','2017-06-12 17:43:35'),(103,'11401-11999 OP-MBI-2006',4,10,'ADP16110050','AE3','742490','742487','2016-11-18','2016-11-18 19:36:49','2016-11-29 13:52:41'),(104,'11401-11999 OP-MBI-2006',4,10,'ADP16110051','AG2','742461','742459','2016-11-22','2016-11-22 11:28:38','2016-11-29 13:53:31'),(105,'1-749 OP-MBI-1998',4,10,'ADP16110052','AG1','742448','742496','2016-11-22','2016-11-22 11:30:12','2016-11-29 13:53:49'),(106,'773-800 / 830-1249 OP-MBI-1998',4,10,'ADP16110053','AG1','742485','742488','2016-11-22','2016-11-22 11:31:37','2016-11-29 13:54:07'),(107,'1250-1689 OP-MBI-1998',4,10,'ADP16110054','AE1','742413','742434','2016-11-22','2016-11-22 11:32:56','2016-11-29 13:54:21'),(108,'1691-2100 OP-MBI-1998',4,10,'ADP16110055','AE1','742483','742486','2016-11-22','2016-11-22 11:33:52','2016-11-29 13:54:40'),(109,'2101-2330 / 2402-2480 /2632-2748 OP-MBI-1998',4,10,'ADP16110056','AG1','742417','742420','2016-11-22','2016-11-22 11:35:19','2016-11-29 13:55:11'),(110,'2628-2729 / 2749-2771 /2858-3120 OP-MBI-1999',4,10,'ADP16110057','AG1','742500','742469','2016-11-22','2016-11-22 11:42:51','2016-11-29 13:55:21'),(111,'3121-3169 / 3170-250 /3328-3251 /3329-3400/ 3402-3485 /3645-3612 OP-MBI-1999-2000',4,10,'ADP16110058','AG1','742465','742497','2016-11-22','2016-11-22 11:45:06','2016-11-29 13:55:36'),(112,'5001-5500 / 5600-5990 / 6101-6190 / 6594-6675 OP-MBI-2001-2003',4,10,'ADP16110059','AG2','742415','742414','2016-11-22','2016-11-22 11:48:33','2016-11-29 13:55:53'),(113,'6676-6827 / 7054-7140 OP-MBI-2003\r\n4214-4998 OP-MBI-2000\r\n12651/12836/12992 OP-MBI-2007\r\n12351-12450 OP-MBI-2006\r\n',4,10,'ADP16110060','AG1','742437','742453','2016-11-22','2016-11-22 11:57:55','2016-11-29 13:56:08'),(114,'12601-13000 / 14001-14300 OP-EMSA-1995\r\n16201-16500 OP-EMSA-1996\r\n',4,10,'ADP16110061','AE1','742421','742425','2016-11-22','2016-11-22 11:59:02','2016-11-29 13:56:44'),(115,'15701-15739 / 26710-26819 /26320-26411 / 26412-26599 /26600-26709 OP-MBI-2008\r\n12000-12199 OP-MBI-2006\r\n',4,10,'ADP16110062','AG2','742428','742451','2016-11-22','2016-11-22 12:00:43','2016-11-29 13:57:00'),(117,'DIRECTORES:	\r\nRICARDO MILLER	\r\n        -          Papeles de trabajo Ganancias Año 2012\r\n	-          Papeles de trabajo Bs Ps año 2012/2013/2014\r\n	-          Autónomos 2010-2014\r\n	-          Planes de Pago Afip (2008)\r\n	-          Acuerdo de Pago por Miller Varco Pruden\r\n	-          Estado de Situacion Patrimonial 2004\r\n	-          Doc Centro Adventista Vida Sana \r\n	-          Notificaciones afip 2013/2014\r\nJORGE ESTEVEZ	\r\n        §  Gastos Abril-Noviembre 2011\r\n	§  Compras ME 2012\r\n	§  Notificaciones Afip 2011\r\n	§  Documentación Procrear 2014\r\n	§  Banco provincia 2014\r\n	§  Compra ME 2014\r\n	§  Planes Afip por impuestos 2008/2010\r\n	§  Documentación ANSES\r\n	§  Planes de pago 2000/2002\r\n	§  DDJJ Ganancias 2008/2011/2014\r\n	§  DDJJ Bs personales 2008/2009/2010\r\n	§  Autónomo 2014/2010\r\nLAURA VALLINI\r\n	§   NOTIFICACIONES AFIP 2013\r\n	§  Plan mis facilidades año 2012\r\n	§  Planes Afip 2011/2012\r\n	§  Notificaciones de Afip 2013 y anteriores\r\n	§  Anticipo ganancias y bs personales 2010/2011\r\n	§  Notificaciones Afip / blanqueo ley 26476 2001\r\n	§  Convenio Multilateral 2013/2014\r\n	§  Papeles de Trabajo Gcias y Bs Personales 2011/2012/2013\r\n	§  Resumen banco Provincia 02/2014\r\n	§   Contrato Capanone 07/2013\r\n	§  Pagos Autónomos 2011/2014\r\n	§  DDJJ Iva 07/2013 a 09/2014 + 03/2015\r\nALVAREZ GLADYS	DOC. ARBA 2014/2015\r\nFLAVIA MASCELLI	AUTONOMOS –DDJJ GANANCIAS – PAGOS  2008/2014\r\n\r\n	-          Resúmenes bancarios 2013/2014/2015\r\n	-          Contrato dealquiler con laura MC GARRELL año 2014\r\n	-          Notificaciones ARBA 2011\r\n	-          Pago de expensas 2014\r\n	-          Gastos RM 2011\r\n	-          GANANCIAS 2008/2009/2010/2011\r\n',4,13,'ADC16110063','AE3','742445','742447','2016-11-24','2016-11-24 20:00:15','2016-12-02 15:18:20'),(118,'EMSA	-          IVA 06/2009 – 12/2011\r\n	-          F 931 AÑO 02/2010- 12/2010/2011/ 2012/2013 + PAGO/PLANES MIS FACILIDADES\r\n	-          UOM 2011-2013\r\n	-          UOCRA 2011-2013\r\n	-          IERIC 2006-2013\r\n	-          RECIBO IMR (INST. MANDATARIO DE RECAUDACION) 2011\r\n	-          ASIMRA 12/2003-10/2009\r\n	-          DETALLE DEDEUDA 2013/SOLICITUD SEGURO COLECTIVO 05/2013 / NOTAS UOM JUNIO  2004-ABRIL2005 / CONVENIO PAGO POR DEUDAS 2001-08/2003 Y COMPROBANTE DE PAGO DEL CONVENIO EFECTUADO DURANTE 03/2014/JULIO2005\r\n	-          UOCRA 08/2008 – 12/2010\r\n	-          UOM 12/2003 – 12/2010\r\n	-          IVA 2008/2009/2010/2012/2013\r\n	-          PLANES DE AFIP CANCELADOS  2008/2010\r\n	-          NOTIFICACIONES AFIP 2012/2013/2014\r\n	-          PAGO DECRETO 1384/2012\r\n	-          RENTAS TUCUMAN 2012/2014\r\n	-          COPIAS SIMPLES ESTATUTOS VIEJOS\r\n	-          SICORE 2010/2011\r\n	-          SEGURO BANCO BOSTON 2010\r\n	-          DOCUMENTACION AFIP 2009\r\n',4,13,'ADC16110064','AE1','742456','742481','2016-11-24','2016-11-24 20:01:40','2016-11-29 13:57:51'),(119,'EMSA\r\n	-          PAPELES DE TRABAJO  2012/2013\r\n	-          BALANCE (COPIA SIMPLE) 2012/2013\r\n	-          PAPELES DE TRABAJO 2006/2007\r\n	-          IIBB/SIFERE/AG. RETENCION AÑO 2014\r\n	-          SICORE 2012/2013/2014\r\n	-          IVA 2014\r\n	-          EXCLUSION\r\n	-          SUJ. VINCULADOS 2014\r\n	-          DDJJ – ANTICIPOS Y PAGOS  GANANCIAS 2011 AL 2014\r\n	-          DDJJ GMP 2011/2006/2007 AL 2014\r\n	-          RG 4120 2007 AL 2014\r\n	-          BS. ACC Y PART. DDJJ Y PAGO AÑO 2002/2004/2006 AL 2014\r\n	-          TEEC 2010/11/12/13 Y COMPENSACIONES PLANES AFIP\r\n          PRESTARE	\r\n-  GANANCIAS 2001 AL 2008\r\n	-          ACC.Y PART 2005 AL 2011\r\n	-          GMP 2006  AL 2012\r\n	-          IVA 2001/2009\r\n	-          PPLANES CANCELADOS AFIP 2012\r\n	-          NOTIFICACIONES AFIP/ INSCRIPCION/CESE ACT/PLANES AFIP\r\n	-          RENTAS 2015\r\n	-          RG 4120 AÑO  2007 AL 2011\r\n	-          COPIA SIMPLE PODER A /F FABRICIO ROJAS\r\n	-          COPIAS SIMPLES BALANCES  + PAPELES DE TRABAJO 2011/2012\r\n	-           BALANCES ORIGINALES EMSA 2010/2011/2012\r\nFFSA	\r\n-          BALANCES ORIGINALES 2009/2010/2011/2012\r\n	-          BALANCE CERRADO 31/06/2012 – PAPELES DE TRABAJO\r\n	-          IIBB DDJJ/ANUAL 2009/2010/2011/2012/2013/2014\r\n	-          MULT. AFIP 2013\r\n	-          APR 2012/2013\r\n	-          RES. BANCO PROV. 2009/2010\r\n	-          RG 4120 2009/2010\r\n	-          POLIZA DESEGUROS 2010/2011\r\n	-          INSCRIPCIONES 2009\r\n	-          CITIVENTAS 2009/2010\r\n	-          IVA 2009/2010/2011/2012/2013\r\n	-          BS.PERSONALES 2010/2011\r\n	-          GANANCIAS/GMP 2009/2010/2011/2012\r\n	-          FACTURAS VENTAS Y COMPRAS 2009/2010\r\n\r\n	\r\n	\r\n',4,13,'ADC16110065','AG3','742423','742422','2016-11-24','2016-11-24 20:03:14','2016-11-29 13:58:13'),(120,'EXPORTACIONES 2007/2013 – NOTAS A LA CMF	\r\n	\r\n	SABINO DEL BENE ARG. SA\r\n	MERCATHEM\r\n	DE LA BALLINA\r\n	GRUPO ALMAR\r\n	HELICOPTERO\r\n',4,13,'ADC16110066','AG2','742452','742491','2016-11-24','2016-11-24 20:15:27','2016-11-29 13:58:38'),(121,'PLUSLOG S.A	\r\n	-          PAPELES DE TRABAJO BALANCE 2012/2013\r\n	-          CANCELACION DE EMBARGO 2012\r\n	-          IVA 2009/2010/2011\r\n	-          AÑO 2014: SUJETOS VINCULADOS/SICORE/IIBB/IVA/RES.BCO                MF/IMP. MUNICIPALES/\r\n	-          RES. BRIO CMF    2012/2013\r\n	-          AÑO 2008/2010: CH.DIFERIDFOS Y COPIAS DE FACTURAS\r\n	-          APR 2013\r\n	-          PLANES AFIP CANCELADOS 2011                                   \r\n	-          REQUERIMIENTO ARBA 2009\r\n	-          AÑO 2012/2013: SICORE/IVA\r\n	-          COMUNICACIÓN A DEL BANCO CENTRAL 2012\r\n	-          SICORE 2008/2009/2010/2011/2012\r\n	-          DDJJ IMP. GCIAS + PAPELES DE TRABAJO 2012\r\n	-          BORRADOR CONTRATO LA SERENISIMA\r\n	-          IVA 2012\r\n	-          NOTIFICACIONES AFIP 2011/2013\r\n	-          NOTIFICACIONES ARBA 2010/2014\r\n	-          DDJJ IIBB MENSUAL/ANUAL 2008/2009/2010\r\n	-          COPIA SIMPLE ESTATUTO\r\n	-          COPIA DE LOS BALANCES QUE NO SE USAN PORQUE SE MODIFICARON  \r\n	-          PAPELES DE TRABAJO BALANCE 2009\r\n	-          COPIA SIMPLE BALANCE 2010/2011\r\n	-          RG 4120 AÑO 2008 A 2012\r\n	-          CITI VENTAS 2008 A 2009\r\n	-          GMP 2009 A 2012\r\n	-          ACC. Y PART. BS PER. DDJJ + PAGO AÑO 2009 A 2012\r\n	-          ANTICIPOS GANANCIAS AÑO 2009 A 2013\r\n	-          DDJJ GANANCIAS AÑO 2009 A 2013\r\n	-          IIBB MENSUAL Y ANUAL AÑO 2011/2012/2013\r\n	-          RESUMENES DEBANCO PLUSLOG   2011-2012\r\n',4,13,'ADC16110067','AE1','742449','742446','2016-11-24','2016-11-24 20:17:46','2016-11-29 13:58:48'),(122,'MILLER VARCO PRUDEN	DDJJ IVA AÑO 2000 AL 2005\r\n	- APR 2011/2012\r\n	- DOCUMENTACION CREDITOS QUIROGRAFARIOS\r\n	- RES.BANCO 1998\r\n	- FOT. DOC.LEGAL\r\n	- DOC.AFIP Y RENTAS\r\n	- DOC.DEBANCOS\r\n	\r\nMBI	-          AUTORIDAD DEL AGUA 2010\r\n	-          IVECAM 2013\r\n	-          BANCO PROV. INVERSION PRODUCTIVA\r\n	-          PROG. FINANCIAMIENTO BICENTENARIO\r\n	-          INSP. AFIP 2008/2009\r\n	-          NOTIFICACIONES AFIP: 2008/2012/2013/2014\r\n	-          PLANESCANCELADOS AFIP 2012\r\n	-          DOC. IIBB SAUCEDO\r\n	-          ARBA 2010/2011\r\n	-          DOC. RENTAS CABA 2013\r\n	-          TRAMITE EXCLUSION \r\n	-          APR 2013\r\n	-          BANCO CENTRAL 2014\r\n	-          NOTIFICACION ARBA 2008 \r\n',4,13,'ADC16110068','BH1','742250','742273','2016-11-24','2016-11-24 20:19:03','2017-03-31 18:46:39'),(125,'RESUMENES BANCARIOS	MBI - EMSA	-          CREDICOOP /HSBC AÑO 2011 -          NACION TOLOSA/SUC12 Y STÁNDARD BANK 2010/2011 -          PROVINCIA 2011 -          CONCILIACIONES BANCARIAS NACION, PROV,CREDICOOP 2011 -          CREDICOOP,PROV,NACION AÑO 2014 -          PROVINCIA, NACION CALLE 12, NACION TOLOSA, NAC. ROCHA, CREDICOOP, HSBC, CMF, FRANCES. AÑO 2012 -          EMSA:CREDICOOP 2013/2014 -          EMSA: CMF 2013/2014',4,13,'ADC16110069','AE1','742457','742498','2016-11-25','2016-11-25 12:48:55','2016-11-29 13:59:15'),(126,'MBI	-          F 931 AÑO 2011/2012/2013 -          UOM 08/2003- DIC 2010/2011/2012/2013/2014 -          CONVENIOS UOM 12/2001-07/2005 -          ASIMRA 2010/2011/2012/2013/2014 -          IVA 2009/2010/2011/2013 -          SICORE 2010/2011 -          AG. RET.IIBB 2010/2011 -          AÑO 2014: IVA, CITI, SICORE, REG.EX -          CITI COMPRAS 2012 -          PLANES CANCELADOS AFIP 2009/2010/2011',4,13,'ADC16110070','AG2','742480','742489','2016-11-25','2016-11-25 12:49:49','2016-11-29 13:59:31'),(127,'11201-11400 / 12200-12350 / 12451-12550 OP-MBI-2006\r\n3666-3757 OP-MBI-1999',4,10,'ADP16120071','AH1','742687','742665','2016-12-02','2016-12-02 15:03:42','2016-12-23 14:37:20'),(128,'5501-5599 OP-MBI-2001\r\n5702-5790 OP-MBI-2001-2002\r\n5792-5870 / 5991-6099 OP-MBI-2002\r\n6521-6593 / 7141-7249 OP-MBI-2003\r\n2551-2630 OP-MBI-1998\r\n',4,10,'ADP16120072','AH1','742690','742691','2016-12-02','2016-12-02 15:06:40','2016-12-23 14:37:29'),(129,'6914-6967 / 7250-7339 /6968-7053 OP-MBI-2003\r\nVARIAS 1999-2000\r\n6829-6913 OP-MBI-2003\r\n 2805-2857 OP-MBI-1998-1999\r\n4431-4500 OP-MBI-2000\r\n',4,10,'ADP16120073','AG3','742648','742660','2016-12-02','2016-12-02 15:10:07','2016-12-23 14:37:38'),(130,'4211-4300 / 4617-4749 / 4352-4430 / 4501-4614 / 4832-5059 / 4301-4350 OP-MBI-2000\r\n ',4,10,'ADP16120074','AH2','742611','742689','2016-12-02','2016-12-02 15:25:49','2016-12-23 14:37:47'),(131,'4750-4830 OP-MBI-2000\r\n6361-6440 OP-MBI-2002\r\n2481-2550 OP-MBI-1998\r\n6191-6280 / 6281-6360 OP-MBI-2002\r\n6441-6520 OP-MBI-2003\r\n7340-7439 OP-MBI-2004\r\n\r\n',4,10,'ADP16120075','AH1','742655','742672','2016-12-02','2016-12-02 15:28:09','2016-12-23 14:37:53'),(132,'7440-7950 / 8241-8319 OP-MBI-2004\r\n',4,10,'ADP16120076','AH1','742656','742668','2016-12-02','2016-12-02 15:29:53','2016-12-23 14:38:12'),(133,'8320-8764 OP-MBI-2004',4,10,'ADP16120077','AG3','742610','742642','2016-12-02','2016-12-02 15:35:34','2016-12-23 14:38:20'),(134,'24068-24834 / 25430-25760 OP-EMSA-1998\r\n25900-26178 / 19601-20600 OP-EMSA-2000',4,10,'ADP16120078','AG3','742646','742683','2016-12-02','2016-12-02 15:37:45','2016-12-23 14:38:32'),(135,'16501-1900 / 14300-14900 OP-EMSA-1996-1995\r\n',4,10,'ADP16120079','AH1','742688','742609','2016-12-02','2016-12-02 15:40:28','2016-12-23 14:38:42'),(136,'15901-16200 / 19001-19600 /17501-17821 OP-EMSA-1996\r\n',4,10,'ADP16120080','AH1','742670','742659','2016-12-02','2016-12-02 15:41:58','2016-12-23 14:38:58'),(137,'17151-17497 / 18203-18855 /17851-18200 OP-EMSA-1996',4,10,'ADP16120081','AH2','742654','742667','2016-12-02','2016-12-02 15:43:01','2016-12-23 14:39:13'),(138,'24861-25050 / 25126-25195 OP-EMSA-1998\r\n25357-25197 OP-EMSA-1999\r\n16801-17150 / 14901-15200 OP-EMSA-1996\r\n24888-25273 /25302-25419 / 25051-25125 OP-EMSA-1998-1999',4,10,'ADP16120082','AH2','742615','742666','2016-12-02','2016-12-02 15:46:24','2016-12-23 14:39:24'),(139,'251-399 / 500-1159 OP-PLUSLOG-2009-2013\r\n',4,10,'ADP16120083','AG3','742694','742617','2016-12-06','2016-12-06 14:23:32','2016-12-23 14:40:15'),(140,'2014-2015 VIATICOS',4,10,'ADP16120084','AH2','742677','742696','2016-12-06','2016-12-06 14:24:18','2016-12-23 14:39:39'),(141,'2014-2013-2012 VIATICOS',4,10,'ADP16120085','AH2','742671','742698','2016-12-06','2016-12-06 14:27:39','2016-12-23 14:39:46'),(142,'2012-2011-2010 VIATICOS',4,10,'ADP16120086','AG3','742700','742695','2016-12-06','2016-12-06 14:28:45','2016-12-23 14:39:55'),(143,'CAJA 16\r\nBORRADORES DE LIQUIDACION 2015 (MBI/EMSA\r\nRECIBOS 2012 (MBI - DICIEMBRE\r\nRECIBOS 2014 MBI ( DE ENERO A AGOSTO)',8,29,'RHP15120016','BE2','938105','742933','2015-12-12','2016-12-12 19:00:31','2018-01-19 20:23:43'),(144,'CAJA 17\r\nLIBROS SUELDO\r\n\r\n8/2008 AL 08/2009\r\n08/2009 AL 07/2010\r\n07/2010  AL 05/11\r\n05/11  AL 03/2012\r\n03/2012 AL 01/2013\r\n02/2013 AL 12/2013',8,29,'RHP13120017','AF1','742789','742800','2013-12-12','2016-12-12 19:05:54','2017-03-31 19:23:20'),(145,'CAJA 18\r\n\r\nLA CAJA ART 2012-2015\r\nNOTAS 2014\r\nINFORMACION VARIAS\r\nNORMAS INTERNAS\r\nPERSONAL/NEXTEL\r\nPEDIDOS DE LIBRERIA\r\nVALES DE ROPA/ DETALLE DE UNIFORMES\r\nREGISTRO DE VISITAS 2015\r\nPOLIZAS 2013\r\nMAPRE 2009\r\nVIATICOS 2014-2015\r\nPEDIDOS DE COMEDOR / KIOSCO',8,29,'RHP15120018','AH3','742747','938175','2015-12-13','2016-12-13 14:07:05','2018-01-19 20:18:57'),(146,'CAJA 19:\r\n\r\nRECIBOS DE SUELDO MBI (ENERO A DICIEMBRE 2015)\r\nRECIBOS DE SUELDO EMSA (ENERO A DICIEMBRE 2015)',8,29,'RHR16120019','CH2','742372','742397','2016-12-22','2016-12-22 13:53:38','2017-06-27 16:00:23'),(147,'CAJA 20:\r\n\r\nPROGRAMA DE SEGURIDAD WORKS GRUOPS;\r\n540: CARTOCOOR\r\n537: KRESCO\r\n482: VITAL LA PLATA\r\n519: EMPRENDIMIENTO 2010\r\n539: VITAL MORENO\r\n\r\nSOLICITUDES DE COMPRA 2015\r\nVIÁTICOS 2015\r\nEPP DE BAJAS DE PERSONAL \r\nREGISTRO DE FORMACIÓN 2013 Y 2014 \r\n\r\nRECIBOS DE SUELDO DICIEMBRE 2014, DE SEPTIEMBRE A DICIEMBRE 2014 MBI\r\n\r\n',8,30,'RHP16120020','AH2','742779','742396','2016-12-22','2016-12-22 14:12:02','2017-06-27 15:58:46'),(148,'CAJA 21:\r\nLEGAJOS MVP\r\n\r\nBUSTAMANTE DAMIAN\r\nCIANCI CLAUDIO \r\nDI MASA CRISTIAN\r\nEMILIANO MORETTI\r\nMAILLO JUAN JOSE\r\nMESA NOACK KAREN ELINA \r\nMIGUEL LUIS OSCAR \r\nMIYAGI MORIFUMI\r\nMONTAÑEZ JOSE RAMON\r\nMORANO MARGARITA VIVIANA\r\nNIETO EDGARDO LUIS\r\nPONTE JOSE DANIEL \r\nPYTLOWANY HORACIA ROSA\r\nREYNOSO JUAN FRANCISCO\r\nSCHIAVI GUILLERMO RODOLFO\r\nSEQUEIRA ANDREA LUJAN\r\nTEMPESTA CLAUDIA PATRICIA \r\nTOLD JORGE CARLOS\r\nVALLINI RODOLFO  JORGE \r\nVILLA SEBASTIAN\r\nVILLEGAS HERMENEGILDO NICOLAS\r\nWANIEWICZ PAULA\r\nWOLSHINK RICARDO\r\nZABALETA ROSARIO\r\nZUCCA MARIA LAURA\r\n\r\nBIANCHIERO GABRIEL\r\nCALDERON CESAR JULIO LARA\r\nCARDOZO ANTONIO \r\nCARDOZO SERGIO \r\nCOMMANDATORE SEBASTIAN\r\nCORRADINI RUBEN\r\nDAVID MAURO PENDENZA\r\nFERNANDEZ RUBEN\r\nIBARRA FELIPE \r\nLOPEZ PASCUAL \r\nORQUERA SANTOS LAUREANO\r\nORTIZ RUBEN \r\nPABLO DANIEL MUSTICA\r\nPERTUSI DANIEL ORLANDO \r\nQUIROGA ARREDONDO LUIS JAIME\r\nRODRIGUEZ JUAN CARLOS \r\nSALAS PAULA\r\nSENA VALENTIN\r\nTRUDILLO NOE\r\nVELAZQUEZ NESTOR\r\nVILLAN SERGIO\r\nZARATE LUIS ALBERTO\r\n\r\nBALMONTE ENRIQUE\r\nIRIGOYEN GERARDO ADRIAN\r\nMAMMANA CLAUDIA ANDREA\r\nMARTINEZ FABIANA\r\nMARTINEZ MARCELO\r\nORSINI MURIEL VANINA \r\nPOSE MONICA GRACIELA\r\nPUGLIESE MARIA ESTHER \r\nRIVAS DANIELA PATRICIA\r\nRODRIGUEZ VIVIANA ELISABET\r\nRUIZ MONICA LAURA \r\nRUSSO AGUSTIN\r\nRUSSO OSVALDO\r\nSAPIENZA ADRIANA\r\nSARTORI LUIS\r\nSCHNELL DAVID EDUARDO\r\nSERRA ROGER FRANCISCO JOSE\r\nSIMON SONIA MARIA\r\nSOLA BAUTISTA OSCAR \r\nSTERLI WALTER DARIO\r\nSUELDO FERNANDO \r\n\r\n\r\n',8,31,'RHR16120021','AF1','742754','742765','2016-12-23','2016-12-23 13:33:07','2017-03-31 19:26:06'),(149,'CAJA 22\r\nLEGAJOS\r\n\r\nACOSTA DANIEL ALEJANDRO\r\nAGUIRRE MANUEL\r\nBRITEZ MIGUEL ANGEL\r\nCELIZ ADOLFO ENRIQUE \r\nGALLARDO GUILLERMO \r\nGONZALEZ CELSO ABDAIN\r\nGONZALEZ DELMONTE ADRIANA VICTORIA\r\nGUIMENEZ JOSE LUIS\r\nHANASHIRO DIEGO\r\nHIRAYAMA HECTOR \r\nLABADIE MARIA JULIA \r\nLUQUE ALBERTO RAUL\r\nMONZON ARIEL EDUARDO\r\nMURUA MARIELA LILIANA\r\nROMAN MARIA FERNANDA\r\nROMERO JORGE\r\nROSSI LUIS RAFAEL\r\nSUELDO CARLOS ALBERTO\r\nTEJERINA FABIAN UBALDO\r\n\r\nEISMONDI FERNANDO\r\nFIDELEFF RICARDO\r\nFOCKE JORGE RUDIGER \r\nFORMOSO GUILLERMO\r\nFUNES ERNESTO \r\nGARCIA PABLO ANDRES\r\nGARCIA PEDROCHE KARINA ALEJANDRA \r\nGONZALEZ MARIO \r\nGONZALEZ TORCI DANIEL\r\nGOROSITO SERGIO RAUL\r\nGRASSO LEONARDO\r\nLAGARRALDE PEDRO HERNAN\r\nLAMNEX EDUARDO\r\nLEON LEONARDO\r\nLOPEZ MARIA BATTINA\r\nLOSA GUIDO ANGEL\r\nNATANAEL DAVID OLAIZ\r\nNEMEC PABLO JOSE\r\nNOVAL DIEGO RAFAEL\r\nPARISI RODRIGO ARIEL\r\nPERALTA JOSE FERNANDO\r\n\r\nPEREZ LUIS ALBERTO  -2006-\r\nLA MONICA SOFIA  -2006-\r\nRAMPERTI SABRINA  -2006-\r\nCALCATERRA DIEGO OMAR  -2006-\r\nFRICKEL VANINA MARIANGEL  -2006-\r\nIPOUTCHA MARIA DE LOS ANGELES  -2006-\r\nALBAMONTE GABRIELA  -2005-\r\nGARCIA JOSE MIGUEL  -2005-\r\nARMAS JULINA TERESITA  -2002-\r\nURBANOVICH MARTIN  -2005-\r\nNAVARRO JUAN PABLO  -2006-\r\nSTOCHETTI NICOLAS  -2005-\r\nBIROCHO CESAR DAMIAN  -2005-\r\nSOSA FACUNDO DANIEL  -2005-\r\nMAMONE ALEXIA MARIA MARTINEZ  -2005-\r\nVISCAY ADRIAN ALEJANDRO  -2006-\r\nMACHUCA VICTORIA  -2006-\r\nBANEGAS HERNAN OSCAR  -2006-\r\nRODICIO AMARILLA NATALIA  -2005-\r\nDEL VALLE WALTER RUBEN   -2004-\r\nSCLAVI HUGO ALEJANDRO  -2004-                               \r\nMENDEZ NURIA  -2005-                                                     \r\nMOLINA LORENA  -2005-\r\nESPINOSA SEBASTIAN  -2005-\r\nRODRIGUEZ DANIELA ELIZABETH  -2006-\r\nFRANCE JUAN FRANCISCO\r\nCASATTI ANDREA MARCELA  -2005-\r\nLUCIANA NATALIA RITA  -2005-\r\nCLAUDIO SERGIO SAWULA  -2004-\r\nDANTE MARTINO  -2004-\r\nCAMPOS SILVIA PATRICIA  -2005-\r\nLEN ALEJANDRA ROXANA  -2006-\r\nPINTOS FRANCISCO CALIXTO\r\nALBORNOZ DIEGO HERNAN\r\nCUEVA VICTOR \r\nRISCITTI CRISTIAN\r\nGRACIOSI CAROLINA LAURA\r\n\r\nADARO CARMEN  -1997-\r\nAMADO ANIBAL  -1999-\r\nBAVA ESTEBAN  -1998-\r\nBIFFATH TROY EUGENE  -1998-\r\nBRUZZONI ESTEBAN  -2000-\r\nBULKA JORGE  -1999-\r\nCACERES EDUARDO  -2000-\r\nCAMARADA MIRTA  -1998-\r\nCAO ALEJANDRO  -1998-\r\nCOSENTINO MIRTA  -1998-\r\nCUCCI JORGE EDUARDO  -1999-\r\nDI GERONIMO SONIA  -1998-\r\nDRABYK JORGE  -2000-\r\nGIMENEZ JUAN CARLOS- CONVENIO-\r\nQUIROGA ROBERTO -1998-\r\nLOPEZ MONICA -1999-\r\nLOPEZ MABEL -1999-\r\nMELLONI MARTA  -1998-\r\n\r\n',8,31,'RHR16120022','AH3','938176','742653','2016-12-23','2016-12-23 14:44:02','2018-01-19 20:18:17'),(150,'CAJA 23 \r\nLEGAJOS\r\n\r\nACUÑA MARIA CONSUELO\r\nALVAREZ ALEJANDRO JAVIER\r\nAVEDAÑO DIEGO ARIEL\r\nBATTISTESSA SILVIA BEATRIZ\r\nBEVACUA FERNANDO DANIEL\r\nCACERES CARLOS ALEJANDRO\r\nCASTILLO CASTILLO ALBERTO ABELARDO\r\nCEJAS WALTER ISMAEL\r\nCENZANO MARCELA ALEJANDRA \r\nCONSTELA JULIO PABLO\r\nCORTINEZ CARINA\r\nCUELLAR CARLOS JAVIER \r\nFALBO JORGE \r\nGAINLE FABIO GUSTAVO\r\nGARCIA JULIO ENRIQUE \r\nGAROLA HANSEN FERNANDO\r\nGIULIANI ROBERTO SILVIO\r\nGONZALEZ VANESA \r\nGUIFRIDA SEBASTIAN PRIMO\r\nIBAÑEZ MIGUEL ANGEL\r\nILLIANES ALEJANDRA BEATRIZ \r\nKOZLUK ALEJANDRO DANIEL\r\nLEMOS ROMINA VALERIA\r\nLOPEZ ANDRES EMANUEL\r\n\r\nMALIAVKO VALERI\r\nMELIAN MIGUEL ROQUE \r\nMENDEZ GABRIEL LEONARDO\r\nMENSA MORALES HUGO ENRIQUE\r\nMICOLO GUSTAVO MARTIN\r\nMORDASINI MATIAS\r\nMORENO BLANCA VILMA\r\nOLBEYRA DIEGO LEANDRO\r\nOLBEYRA EIEGO LEANDRO\r\nPERALTA SILVINA JANET \r\nPIETRANTUONO MARIA INES\r\nPONCE PEDRO ALFREDO\r\nRAFFAULTE GISELA PAOLA\r\nRESCA MARCELO FABIAN\r\nRIBERO DANIELA\r\nRIZZO MARIANA LORENA \r\nSANCHEZ MARIA JULIA \r\nSCUTARO JAVIER ANTONIO\r\nSEMPLICI JUAN MANUEL\r\nSIERRA ROBERTO\r\nSTANCATTI MANUEL\r\nTARNOVSKY MIGUELINA\r\nUGARTE CALDERON OMAR FREDY\r\nZAPIOLA MARIANO ANTONIO\r\nMORSILLI GUILLERMO ANIBAL\r\nVERON LUIS ALBERTO\r\n\r\nACOSTA LOPEZ DERLIS\r\nARTALE CRISIAN LUIS\r\nCABALLERO CARLOS ALBERTO\r\nCRIVARO PABLO GABRIEL\r\nCURACHE HECTOR\r\nCURUAL FACUNDO\r\nCURUAL GUSTAVO DANIEL\r\nFERRARO JUAN ALBERTO\r\nGALLEGOS JUAN PABLO\r\nGARCIA PEDRO MIGUEL\r\nGIMENEZ MARCELO RAMON\r\nGOMEZ SERGIO GUSTAVO\r\nGUAIQUIPI OSCAR ALBERTO\r\nGUAIQUIPI RICARDO ARMANDO\r\nGUAIQUIPI VICTOR GUSTAVO\r\nGUAJARDO FERNANDO NICOLAS\r\nINALEF PLACIDO ANIBAL\r\nMATTO ERNEST GABRIEL\r\nMILTON WALTER\r\nMIRANDA DIEGO\r\nMIRANDA SERGIO ARIEL\r\nPELAYO MAURICIO SEBASTIAN\r\nRIVAROLA EDGARDO\r\nROA JOSE RAMON\r\nRODRIGUEZ CLAUDIO\r\nROMANO CARLOS ALBERTO\r\nSARAVIA RICARDO SEFERINO\r\nVAZQUEZ FRETES ISMAEL\r\nVERA JORGE EMILIANO\r\nVILLARDI DANIEL EDUARDO\r\n',8,31,'RHR16120023','AH3','742679','938119','2016-12-23','2016-12-23 14:48:09','2018-01-19 20:20:24'),(151,'CAJA 24\r\nLEGAJOS \r\n\r\n\r\nBILLORDO EDUARDO ANDRES\r\nCAÑUMIL HUGO ADRIAN\r\nESCOBAR ALBERTO\r\nESCOBAR JOSE LUIS\r\nINALEF OMAR CRISTIAN\r\nMARTINEZ JULIO ALBERTO\r\nOÑATE LUIS MIGUEL\r\nSAAVEDRA CARLOS\r\nSUAREZ MARCOS \r\nVELAZQUEZ NESTOR FABIAN\r\nDOMINGUEZ MARTIN SEBASTIAN\r\nZARATE LUIS\r\nRUBEN D ROLON\r\nDAY RUBEN\r\nBADARACCO CASTRO PATRICIO ARIEL\r\nCASTILLO JORGE OMAR\r\nARGENIO ALFONSO\r\nCAMPOS LUCAS EMILIO\r\nDUARTE MIGUEL\r\nGALLO JOSE ALBERTO\r\nGARCIA DAMIAN BENITO\r\nGIMENEZ MARCELO FERNANDO\r\nIRIARTE GERMAN ROBERTO\r\nROMERO TOMAS\r\nFERNANDEZ RUBEN HORACIO \r\n\r\nFERNANDEZ ALEJANDRO RODRIGO\r\nFERNANDEZ CESAR ALBERTO\r\nFERNANDEZ JORGE HERNAN\r\nFLEITAS MARCOS RODOLFO\r\nFOUTEL HUGO\r\nFRANCO DIEGO HERNAN\r\nFRIAS GERARDO \r\nFROSCHAVER RICARDO DANIEL\r\nGARCIA GERARDO ARIEL\r\nGARCIA PERRONE ROMAN JAVIER\r\nGOMEZ JORGE CARLOS\r\nGONZALEZ GASTON OSCAR \r\nGONZALEZ LUIS MARCELO\r\nGONZALEZ LUIS OSCAR \r\nGONZALEZ MAURO LUIS\r\nLEDESMA MARCIO JAVIER\r\nLOPEZ AGUIRRE\r\nLOPEZ BRITEZ CARLOS\r\nLOPEZ JOSE EDUARDO\r\nLOPEZ JOSE ROBERTO\r\nLOPEZ MIGUEL ANGEL\r\nLUGO LEONEL\r\nMATTO PABLO ALEJANDRO\r\nMEDINA RAUL\r\nMONTERO GERARDO\r\nMURO ROBERTO JUAN- CONVENIO\r\nNOGUERA LUIS DANIEL\r\nOJEDA LUIS EULALIO\r\nORTIZ MOREL EVER\r\nOSAMI FRANCISCO DOMINGO\r\nOSAMI MARCOS VIVIANI\r\nOSAMI ISDRO FEDERICO\r\nPALOMO PILAR\r\nPEREZ GASTON EDUARDO\r\nPEREZ IVAN NICOLAS\r\nPIRIZ BARRERA JORGE\r\nPIRIZ GUSTAVO ADOLFO\r\nPORCEL JONATAN MIGUEL\r\nPAZ NESTOR FABIAN\r\nLOPEZ ALBERTO HIPOLITO\r\nPESSE OSCAR ANDRES\r\nQUIROZ JOSE DAVID\r\nRAMIREZ IVAN\r\nRAMIREZ TORALES EDER CATALINO\r\nRIVAROLA LUIS ALBERTO\r\nRODAS FRANCISCO ISIDRO\r\nRODRIGUEZ CORONEL JOSE LUIS\r\nSANDOVAL PABLO EZEQUIEL\r\nSEMERARO ARIEL\r\nSILES CRISTIAN EZEQUIEL\r\nSOSA FERNANDO EMANUEL\r\nSOSA PABLO\r\nSOTELO VICTOR JAVIER\r\nSTREY JOSE ENRIQUE\r\nSWARYCZEWKI GUILLERMO ADRIAN\r\nVARGAS CARLOS FABIAN\r\nVARGAS DANIEL ORLANDO\r\nVARGAS ROQUE EDUARDO\r\nVAZQUEZ SERGIO HERNAN\r\nVAZQUEZ WALTER GUSTAVO\r\nVEGA BENITEZ ALDO\r\nVIERA GOMEZ JULIO CESAR\r\nVIEZZOLI FERNANDO\r\nVILLANUEVA ESTEBAN LEONARDO\r\nVILLANUEVA MAXIMILIANO GASTON\r\nVIVANCO MATIAS EZEQUIEL\r\nWALTER ROBERTO CARLOS\r\nZARATE EDGARDO DAMIAN\r\nBARRETO FIGUEREDO PRAXEDES\r\nGALARZA AMADEO\r\nGALARZA ANGEL\r\nGARCIA AXEL\r\nMARTINEZ HECTOR\r\nPERALTA FABIAN ANIBAL\r\nREA CRISTIAN\r\nSANAGUA CLAUDIO\r\nSOSA DIEGO\r\nSOSA RICARDO\r\n\r\nACHUCARRO JOSE MARIA\r\nALMIRON CRISTIAN HUGO\r\nALMIRON LEONARDO EZEQUIEL\r\nBLANCO DIEGO NICOLAS\r\nBARRIO NUEVO CLAUDIO MARCELO\r\nCALABRES JUAN ALBERTO\r\nALMEIDA MONICA \r\n',8,31,'RHR16120024','AF1','742662','742684','2016-12-23','2016-12-23 14:58:53','2017-03-31 19:26:38'),(152,'CAJA 25\r\n\r\nARANDA ROSA JOSE\r\nBANEGAS MARCOS JESUS\r\nBARBELLA GERARDO ANTONIO\r\nBARNEU PAUL GABRIEL\r\nBARRIOS OTERO NATALIA MARIANA\r\nBENAVIDEZ RAUL LEONARDO\r\nBERNARDELLI ANGEL EMANUEL\r\nBIRCK LUCAS FABIAN\r\nBULACIO MARIO RODOLFO\r\nBUZTAMANTES NINA GEREMIAS\r\nCANEVA HERNAN MARIO\r\nCAÑETE SANTIAGO\r\nCARRERA SERGIO RAUL\r\nCARRIZO CRISTIAN MARCELO\r\nCASTELLI BERTOLINI GERMAN PABLO\r\nCORREA RODRIGO MAXIMILIANO\r\nCURIMA JAVIER HORACIO\r\nCACERES MARIO HERNAN\r\nJAUREGUI LESCANO JUAN MANUEL\r\n\r\nDAIX LEONARDO JAVIER\r\nDE LOS SANTOS EUGENIO  MIGUEL\r\nDUARTE ERNESTO JESUS\r\nFERNANDEZ JUAN  MARCELO\r\nFERLIN ALEJANDRO LEONEL\r\nFRANCO DANIEL WALTER\r\nGONZALEZ JOSEFINA\r\nGOMEZ ARIEL FAUSTO\r\nGOMEZ RAMON ALBERTO\r\nGONZALEZ OSCAR \r\nHEIG GUILERMINA\r\nKOBER FEDEREICO\r\nKONDRATIUK NANCY\r\nHINOJOSA HERNAN\r\nERMILI OSCAR\r\n\r\nLEGUIZAMON MARIO ANTONIO\r\nLEON ROJAS MIGUEL ANGEL\r\nLLINAS HECTOR RUBEN\r\nLOPEZ MARTIN ARIEL\r\nLUZ JUAN DOMINGO\r\nMAIDANA ELIANA SOLEDAD\r\nMAINI MARIANO GASTON\r\nMANZANARES RICARDO EUSEBIO\r\nMARTINEZ JUAN MANUEL\r\nMONGES MARIANO\r\nMONIN SANDRA \r\nMONTEFIORI NELIDA ESTER\r\nMOYANO HECTOR OSCAR \r\nNAVARRO MYRIAM ALEJANDRA \r\nPEPE JULIO CESAR \r\n\r\n',8,31,'RHR16120025','AH3','742638','742692','2016-12-23','2016-12-23 15:14:44','2017-03-31 19:26:46'),(154,'CAJA 27:\r\n\r\nLEGAJOS 2009 MBI\r\n\r\nPARDO JULIO RICARDO\r\nPEPE JULIO CESAR \r\nPERALTA GUSTAVO DANIEL\r\nPEREZ LEONARDO\r\nPEREZ OSVALDO HECTOR\r\n\r\nQUIROGA JAVIER EDGARDO\r\nQUIROZ MATIAS DE JESUS\r\nRODRIGUEZ GARAT HUGO LEONEL\r\nROJAS MARCELO ALEJANDRO\r\nROMAN HUGO SEBASTIAN\r\nROMERO JORGE EMILIO\r\nROMERO LEOANRDO GABRIEL\r\nSARMIENTO CESAR RAMON\r\nSARTI OSVALDO CASIANO\r\nSEOANE CARLOS ADRIAN\r\nSORA JAVIER EDUARDO\r\nSOTO ERNESTO FROILAN\r\nSPEZZAMILIO CLAUDIA MARCELA\r\nSWARYCZEWKI ANICETO CARLOS\r\nTEJEDA MARTIN\r\nTELLES SERGIO DANIEL\r\nTOLEDO LEANDRO\r\nVARGAS MACELO SANDRO \r\nZAPATA VELOZ CHRISTIAN \r\nZARATE RAFAEL GASTON\r\nZUVEIFEL MARIANO ALBERTO\r\n\r\nARANEGUI MARCELO GUSTAVO\r\nARANZABAL EDUARDO JOSE\r\nBENITEZ HECTOR EMANUEL\r\nBERBERE CRISTIAN\r\nECHER HUGO\r\nESPOSITO OSCAR EDUARDO\r\nFERREYA JOSE LEANDRO\r\nGALARZA OSVALDO\r\nGIAMMARIA GUSTAVO DANIEL\r\nGONCALVEZ DE SOUSA MARIA MARCELA\r\nHERRERA BRUNO\r\nRUCCI TOMAS\r\nAGUILAR JUAN DOMINGO\r\nCORBALAN MAXIMILIANO RAIMUNDO\r\n',8,31,'RHL16120027','BA1','742693','742675','2016-12-26','2016-12-26 14:02:35','2017-01-25 11:42:27'),(155,'CAJA 28:\r\n\r\nLEGAJOS MBI 2009:\r\n\r\nOLIVARES OSVALDO FABIAN		\r\nPESOA MARCELO GABRIEL		\r\nPETRAUSKAS PABLO		\r\nSEGURA VALFRE KARINA VERONICA		\r\nVALIANTE JESUS ANDRES		\r\nVARELA MAXIMILIANO ALEJANDRO		\r\nVILLALBA NORA BEATRIZ		\r\nWILEJTO MARCOS		\r\nPIZZOLANTE VICENTE ELIO		\r\nRODRIGUEZ ADRIAN RODOLFO	PREOCUPACIONAL	2009\r\nSANCHEZ ALBERTO	PREOCUPACIONAL	2009\r\n\r\nAQUIN0 JUAN GABRIEL\r\nARAUJO FRANCO NILDO DE JESUS\r\nAVILA PASTOR DE LOS SANTOS\r\nAYALA CORONEL CELINO\r\nBAEZ ADRIAN RODOLFO\r\nBENITEZ ROBERTO\r\nBOGADO DONATO\r\nCABRERA NICOLAS\r\nCARRERA RICARDO ALFREDO\r\nCORZO ARIEL OMAR\r\nDIAZ ALEJO MARCELINO\r\nESPINOSA RENE RAMON\r\nFERNANDEZ NAVARRO CEVERIANO\r\nGARAVENTA JONATAN MATIAS\r\nGUTIERREZ DELIO\r\nGUTIERREZ ROBERTO ANDRES\r\n\r\nLENCINA FABIAN ARECO \r\nLOPEZ SERGIO ANIBAL\r\nLOPEZ VILLALBA CESAR\r\nMONARDEZ HECTOR ARNOLDO\r\nMORAL FLAVIA SOLEDAD\r\nMORALES MIGUEL ANGEL\r\nORELLANA ARIEL\r\nORTEGA DAMIAN\r\nPAZ JOSE HUMBERTO\r\nPEDROZO CAÑIZA CARLOS ALFREDO\r\nPICHIRILI JORGE OMAR\r\nPEREZ CARLOS ADRIAN\r\nPUCHETA EDGARDO FLORENCIO\r\nRAMIREZ ESPINOLA MIGUEL\r\nRAMOS JUAN PABLO\r\nRIVERA LUCAS RAUL\r\nRODRIGUEZ ROBERTO CARLOS\r\nROMERO GABRIEL\r\nROMERO ROQUE\r\nRUIZ MARTIN EMANUEL\r\n\r\n',8,31,'RHL16120028','BA1','742652','742664','2016-12-26','2016-12-26 14:19:44','2017-01-25 11:42:41'),(156,'CAJA 29:\r\n\r\nLEGAJOS MBI 2009\r\nSANCHEZ FRANCISCO ANTONIO\r\nSAN JUAN PABLO\r\nSILVA RAUL OSCAR\r\nVALENZUELA ROBERTO CARLOS\r\nVAZQUEZ BENIGNO\r\nVILLALVA GUSTAVO FABIAN\r\nVILLALBA LEIVA OVIDIO JAVIER\r\nVILLALBA ZARZA EMILIANO\r\nZALDIVAR YESICA LISA\r\nZAPATA GERMAN MAURICIO\r\nZARATE ORELLANA VICTORIANO\r\n\r\nCARDOZO NATALIA JIMENA\r\nSAAVEDRA DIEGO OMAR\r\nRODRIGUEZ CAROLINA FERNANADA\r\nCANTERO GONZALO\r\nDURE LUIS JULIAN\r\nZABALJAUREGUI MARIA AGUSTINA \r\n\r\nBARANDICA RAUL OMAR\r\nSTELLA PAULA ANDREA\r\nAGUIRRE ARIEL ALBERTO\r\nPERRONE MIGUEL ANGEL\r\nLUNA RUBEN AMERICO\r\nMILANO CARLOS MARIANO\r\n\r\nWADA LEONARDO\r\nROBLEDO JUAN ENRIQUE\r\nROA MIGUEL ANGEL\r\nMARUTKE HERNAN JAVIER\r\nZACHER GUSTAVO DANIEL\r\nROMERO MARCIAL ALEJANDRO\r\nSANTILLAN ELIAS GABRIEL\r\nSANCHEZ PALMA ALVARO IGNACIO\r\nFLORES JUAN MARCELO\r\nGOMEZ FREITES MARIA SOLEDAD\r\nGARCIA JAUN ALBERTO\r\nGALARZA SERGIO DAMIAN\r\nALINEZ CARLOS\r\n',8,31,'RHL16120029','AF2','742650','742649','2016-12-26','2016-12-26 14:29:19','2017-01-25 11:42:53'),(157,'CAJA 30:\r\n\r\nLEGAJOS EMSA \r\n\r\nROBLEDO JUAN ENRIQUE\r\nROA MIGUEL ANGEL\r\nMARUTKE HERNAN JAVIER\r\nGOMEZ FREITES MARIA SOLEDAD\r\nGALARZA SERGIO DAMIAN\r\n\r\nMOJSIEJCZYK CARLOS ALBERTO\r\nSALVATIERRA JONATAN DANIEL \r\nGARCIA CEJAS MARIA SOL\r\nGONZALEZ JUAN ALBINO\r\nKALDI JONATAN RICARDO\r\nCARDOZO BERNARDINO\r\nMOJIEMCZYK NESTOR FABIAN\r\nCORDOBA GERARDO DAMIAN\r\nRODRIGUEZ SERGIO ALEJANDRO\r\nALTAMIRANO MILAGROS AMPARO\r\nGUAGLIANONE SILVESTRO\r\nGONZALES JUAN IGNACIO\r\nGAUNA MARCELO ESTEBAN\r\nGALLO CRISTIAN\r\nCORDOBA DIEGO OSCAR\r\nSUAREZ LISANDRO EZEQUIEL\r\nREQUENA CRISTIAN GABRIEL\r\nCIUCI MARIA EMILIA\r\nESCOBEDO VICTOR\r\n\r\nZAGO MARIA LAURA\r\nMIRANDA DAMIAN NICOLAS\r\nSILVERA SERGIO DAMIAN\r\nVIDO BRYAN KEVIN\r\nCABRAL ROMAN ENRIQUE\r\nCABRAL ANIBAL ALFREDO\r\nGOMEZ FEDERICO NICOLAS\r\nMAZZEO LUIS ROBERTO\r\nZALAZAR DANIEL FRANCO\r\nECHEVER PEDRO EDUARDO\r\nALEGRE CRISTINA ELIZABETH\r\nALMADA ERNESTO\r\n\r\n\r\n\r\n',8,31,'RHL16120030','AF1','742658','742651','2016-12-26','2016-12-26 14:41:11','2017-01-25 11:43:08'),(158,'CAJA 31:\r\n\r\nLEGAJOS PERSONAL EMSA\r\n\r\nPICCHIO PABLO HERNAN\r\nECHEVERRIA YBREST MAXIMILIANO\r\nPIMIENTAS MARCOS JAVIER\r\n\r\n		\r\nMARIN JAVIER		\r\nAQUINO CLAUDIO ROLANDO		\r\nROCHA LUIS ALBERTO		\r\nFERREYRA HORACIO OSCAR - ACTIVO 06/2012		\r\nESCALANTE DANIEL ROMAN		\r\nESCOBAR CARLOS		\r\nGIL HUGO CELSO		\r\nSENTENO MARISCAL CARLIN		\r\n		\r\nCACERES ANDRES GUSTAVO		\r\nACOSTA ROMAN ALFREDO		\r\nACUÑA NICOLAS EDUARDO		\r\nSANCHEZ ALBARRACIN MARCELINO		\r\nDONADIO RAUL OMAR		\r\nRUIZ CRISTIAN SEBASTIAN	PREOCUPACIONAL	2010\r\nGONZALEZ HUGO ALBERTO	PREOCUPACIONAL	2010\r\nROLON MAURICIO JORGE	PREOCUPACIONAL	2010\r\n\r\n\r\nMAIDANA CHRISTIAN LEONARDO\r\nMALLEA CARLOS ERNESTO\r\nMICHIA PABLO HERNAN\r\nLOPEZ CLAUDIO ESTEBAN\r\nGASSIBE GERMAN DIEGO\r\nARECO MAXIMILIANO ALBERTO\r\nBELTRAN LAUX FRANCISCO JAVIER\r\nECHENIQUE MARIO RICARDO\r\nVERON FLAVIA LEONOR\r\nLUQUE SEBASTIAN\r\nLAMELA CRISTIAN\r\nGORDIOLA RUBEN\r\nDUARTE CARLOS HAROLD\r\nPINEDA SANTANDER VICENTE\r\nTABORDA HECTOR MARTIN\r\nESPINDOLA FEDERICO\r\nCORIO MAXIMILIANO\r\nFRANCO CRISTIAN\r\nALTAMIRANO MILAGROS\r\n\r\nLEGAJOS 2011\r\n\r\nTRIBUZIO, ANA MAGDALENA\r\nDA SILVA, LILIANA\r\nAMALVY, DIEGO GUILLERMO\r\nBARATS, JUAN HORACIO\r\nKOMINA, SERGIO ARIEL\r\nPADOVAN, DANIEL ALBERTO\r\nGAUNA, MATIAS LEONARDO\r\nIZURIETA, MARIA EUGENIA\r\n\r\n\r\n',8,31,'RHL16120031','AF3','742669','742682','2016-12-26','2016-12-26 14:53:14','2017-01-25 11:43:31'),(159,'CAJA 32\r\n\r\nLEGAJOS - EMSA 2011\r\n\r\nBONO, SERGIO RUBEN\r\nFARIAS, MARIANA INES\r\nCAZAL, FABIAN DARIO\r\nGOMEZ, WALTER RICARDO\r\n\r\nACUÑA, EZEQUIEL NICOLAS\r\nAYALA, RAMON NICOLAS\r\nGODOY, JONATAN NICOLAS\r\nACOSTA, ESTEBAN DANIEL\r\nMEDINA, LUIS MIGUEL\r\nROMERO, LEANDRO ALBERTO\r\nAVILA, ALBERTO DAVID ARIEL\r\nBALCAZA, DIEGO JULIAN\r\nBLANCO, GERARDO\r\n\r\n\r\nHEREÑU, HECTOR RAUL\r\nCORONEL,JOSE CARLOS\r\nGOMEZ, JUAN RAMON\r\nFERREYRA, FERNANDO\r\nCARDOZO, RAMON ANTONI\r\nPORTO, GABRIEL ERNESTO\r\nMONDOT, DAVID EZEQUIEL\r\nLOPEZ GIMENEZ, ALFREDO \r\nSAUCEDO, GONZALO MIGUEL\r\nMUÑOZ, PABLO JOSE\r\nQUEVEDO, LUCAS EUGENIO\r\n\r\nBATISTA, JUAN GABRIEL\r\nGAUNA, SEBASTIAN\r\nRAVIOLO, FELIX FERNANDO\r\nSANCHEZ, FEDERICO DAMIAN\r\nGOLIA, MARIA DE LOS MILA\r\nVELAZCO, ROBERTO EDUAR\r\nRIVERO GASCO, JUAN \r\nAREVALOS, CARLOS ALBERTO\r\nMACHUCA, ANDRES RICARDO\r\nLEZANA, RAMON DARDO\r\nJURADO, LUIS MIGUEL\r\nFAJARDO, JUAN JEREMIAS\r\nSALVATIERRA, ROMAN A,\r\n \r\n\r\n',8,31,'RHL16120032','AF3','742657','742636','2016-12-26','2016-12-26 15:25:20','2017-01-25 11:43:45'),(160,'CAJA 33:\r\n\r\nLEGAJOS 2011- EMSA\r\n\r\nLOFREDO MARTIN\r\nLUCERO, MAXIMILIANO\r\nRODRIGUEZ, WALTER DANIEL\r\nRODRIGUEZ, GABRIEL\r\nLORENZUTTI, SERGIO\r\nLORENZUTTI, GUSTAVO\r\nMIÑO, RAMON HERNAN\r\nURQUIA, AGUSTIN EMILIANO\r\nBARRIONUEVO, GUSTAVO\r\nDELGADO, FABIAN G,\r\nAVILA, SEBASTIAN E.\r\nCARBALLO, MARIO O.\r\nNOVELLO, LUCIANO E.\r\nMENDOZA, ALFREDO M.\r\nLORENZUTTI, CARLOS\r\nLOBOS. JOAQUIN D,\r\nPAZ, JOSE LUIS\r\nROMERO, SIXTO\r\nMUÑOZ, EZEQUIEL\r\nMUÑOZ, SERGIO A.\r\nCORIA, CLAUDIO E.\r\nCACERES, MATIAS D.\r\nVELTENS, ARIEL A.\r\nAZCONA, GASTON F,\r\nPETROCCO, MARTIN ARIEL\r\nALVARADO, RUBEN N.\r\nSIRACUSA, GUSTAVO JUAN\r\n\r\nROBLES, ALEJANDRO J.\r\nSLAVUTSKY, SEBASTIAN A. \r\nTAMAY, EZEQUIEL O.\r\nKLOSINSKI, SEGISMUNDO J.\r\nFERNANDEZ, VICTOR\r\nVAZQUEZ, LUCIA\r\nORTIZ, PABLO MARTIN\r\nLUCONI, ARIEL F,\r\nMOLINA, LUCAS G.\r\nGUIAS, HUGO E.\r\nTUAMAS, MAXIMO G,\r\nGAMON, CARLOS A,\r\nPASCHETTA, LUCIANO A.\r\nMAIDANA, CRISTIAN E.\r\nPINEDA, LEANDRO J.\r\nPEREZ, GREGORIO E.\r\nCABRAL, BRUNO A.\r\nPETROCCO, CESAR DANIEL\r\n\r\nROJAS, LEONARDO A.\r\nDOMINGUEZ, GUSTAVO A.\r\nFIGUEROA, RAUL D.\r\nFUNES, MIGUEL ANGEL\r\nLEON, DIEGO JOSE\r\nBOGADO, MIGUEL A.\r\nOJEDA, CARLOS N.\r\nGALLARDO, SILVESTRE J.\r\nBAUTISTA, DAMIAN D.\r\nACETO, FERNANDO L.\r\nFERNANDEZ, FRANCISCA M.\r\nSANTO, MAXIMILIANO E.\r\nMENDEZ, KARINA E.\r\nSANTILLAN, DANIEL A.\r\nBARRIONUEVO, PABLO D.\r\nOSORES, HECTOR D.\r\nMONTENEGRO, MARCELO D.\r\nGODOY, HECTOR A.\r\nSENA, DIEGO G.\r\nFLORES SACHA, RAFAEL\r\n\r\n',8,31,'RHR16120033','BA1','742640','742676','2016-12-26','2016-12-26 15:40:50','2017-01-25 11:44:02'),(161,'CAJA 34\r\n\r\nLEGAJOS 2011 - MBI\r\nCALDERON, JESUS RAMON\r\nMANNA, MATIAS E.\r\nGARCIA, MARINA S.\r\nPEREZ BRAUN, VALERIA\r\nVALLINI, RODOLFO J.\r\n\r\nRUIZ, PEÑA EZEQUIEL\r\nBARRAGAN, MELISA LILIANA\r\nVACAFLOR, JORGE DAVID\r\nMARAZ, JOSE OSCAR\r\nZAPATA, LUIS ADGARDO\r\nROJAS, MARTIN GABRIEL\r\nQUINTEROS, EMILIANO NICOLAS\r\nPALMIERI, NATASHA\r\nACUÑA, PABLO ALBERTO\r\nCORTEZ, JORGE RUBEN\r\nALVARADO, ROBERTO ADOLFO\r\nGARNICA, LUIS ALFREDO\r\nDE CANDIA MIGUEL ANTONIO\r\nMERLIN MARTIN ARTURO\r\n\r\nLEGAJOS 2013\r\nAYGUAVELLA DAVID ANDRES\r\nALARCON SAMUEL ABRAHAM\r\nBARCO CLAUDIO GASTON\r\nESPINDOLA DAVID LEONARDO\r\nFRANCO RENE ANTONIO\r\nINCHAUSPE MARIA SOLEDAD\r\nMALDONADO MARCELO ALEJANDRO\r\nMASTRELLA CHRISTIAN RODOLFO\r\nRODRIGUEZ NICOLAS DANIEL\r\nRODRIGUEZ EBOLI MARIA ALEJANDRA\r\nTRLIK PABLO ESTEBAN\r\n',8,31,'RHL16120034','BA1','742680','742678','2016-12-26','2016-12-26 17:42:56','2017-01-25 11:44:27'),(162,'CAJA 35:\r\n\r\nLEGAJOS\r\nJIMENEZ FABIAN ADRIAN\r\nPORCO PALACIOS DIEGO\r\nSANCHEZ LUIS ALBERTO\r\nPERALTA VICTOR DANIEL\r\nBERRINO LAURA CECILIA\r\nROMERO SANDRA ELIZABETH\r\nGAUNA FERNANDO GABRIEL\r\nDREYER GERMAN ANDRES\r\nPEREZ JOSE RUBEN\r\n\r\nLEGAJOS 2012 - EMSA\r\nPADRON EDUARDO A.\r\nRODRIGUEZ LEANDRO A.\r\nTELLO JUAN DAVID\r\nVIDELA QUIROGA MIGUEL A.\r\nMORALES VICTOR MANUEL\r\nGUARDIA RAMON NICOLAS\r\nVIDELA RUBEN WALTER\r\nSANCHEZ MALARA LUIS F.\r\nBAZALAR UCEDA PEDRO A.\r\nALTAMIRANO TITO HUGO\r\nVIDELA LEONARDO FABIO\r\nRABBIA LUCAS GABRIEL\r\nTOMBA NAHUEL NICOLAS\r\nAGUIRRE ALBERTO RAMON\r\nBENITEZ ALEJANDRO M.\r\nJIMENEZ LEANDRO ADRIAN\r\n\r\nLEGAJOS 2013- EMSA\r\nARANCIBIA ALMEIDA HECTOR ANTONIO\r\nBRITEZ GASTON EDUARDO\r\nCORZO FRANCO DAMIAN\r\nCUELLO DARIO HERNAN\r\nGARCIA MARIA EUGENIA\r\nLOPEZ RICARDO ANDRES\r\nMEMMO RODRIGO EZEQUIEL\r\nNICOLICH CAROLINA BEATRIZ\r\nPEREZ CRISTIAN ANGEL ESTEBAN\r\nPAPPALARDO ANDREA KARINA\r\nRODRIGUEZ GONZALO\r\nSUAREZ FACUNDO NAHUEL\r\n\r\n',8,31,'RHL16120035','BA1','742674','742619','2016-12-26','2016-12-26 18:03:48','2017-01-25 11:44:13'),(163,'CAJA 36:\r\n\r\nLEGAJOS EMSA 2012:\r\n\r\nGILES AYELEN EVA\r\nMORENO MARIA LUCILA\r\nRICO JUAN CARLOS\r\nESQUIVEL JONHATAN N.\r\nCOLMAN PABLO FEDERICO\r\nPALOMINO ALBERTO\r\nFIGUEREDO ARANDA CARLOS\r\nVILCHES INFANTA SERGIO R.\r\nROJAS ROBERTO GASTON\r\nERRECA BUQUET FELIPE A.\r\nTORIYA ALEJANDRO\r\nRODRIGUEZ MARIO ANGEL\r\nRIVERO GASCO DANIEL A.\r\nSALVATIERRA CRISTIAN A.\r\n\r\n\r\nSARICH JORGE ESTEBAN\r\nGUTIERREZ DANIEL DAMIAN\r\nDELGADO MARCELO JAVIER\r\nGIMENEZ FERNANDEZ J.\r\nDIAZ ROLANDO\r\nSILVA CRISTIAN EMILIO\r\nPEREZ EZEQUIEL HERNAN\r\nPABLO RODRIGO MAXIMILIANO\r\nABREO PABLO BERNARDO\r\nMARTIN TOBIAS ALBERTO\r\nMARIC GABRIEL FERNANDO\r\nSANDOVAL GUERREO MIGUEL\r\nBEVACQUA JORGE RICARDO\r\nLUCCHETTI ROMINA SILVIA\r\nPALOMEQUE GERMAN DAVID\r\nCHAVEZ LEONARDO BENJAMIN\r\n\r\nFERNANDEZ FACUNDO ARIEL\r\nLOPEZ MOIRA SILVIA LUCIA\r\nNAKAE MARIA LUISA\r\nORUE GOMEZ MIGUEL ANGEL\r\nMACIA NANCY GLORIA\r\nORTEGA FRANCO ARIEL\r\nAMARILLA ALFREDO OMAR\r\nRUIZ CARLOS FERNANDO\r\nGONZALEZ MARIANO DAMIAN\r\n',8,31,'RHL16120036','AF3','742639','742644','2016-12-26','2016-12-26 18:18:58','2017-01-25 11:45:41'),(164,'CAJA 37:\r\n\r\nLEGAJOS EMSA 2012\r\nPEDRAZA SERGIO DAVID\r\nOROPEZA ALCIDES JONATHAN\r\nRUIZ CARLOS FERNANDO\r\nVELAZCO NICOLAS ABEL\r\nSACCO RICARDO ALBERTO\r\n\r\nHOYO CRISTIAN MAXIMILIANO\r\nTHIEBAUT CRISTIAN HOARCIO\r\nMARCOS JULIA DAIANA\r\nCAMPOS MARTIN EMANUEL\r\nJARA CARLOS ALBERTO\r\nCASTRO CESIA PAOLA\r\nINSAURRALDE WALTER A.\r\nVILLAFAÑE JAVIER ULISES\r\nSISA CARLOS OSCAR\r\nRODRIGUEZ JUAN EMILIO\r\nROJAS JUAN MARIA\r\nCERDA GUILLERMO CARLOS E.\r\nCOSTILLA JORGE MARCELO\r\nVACA ARTURO ANDRES M.\r\nCARBALLO PEDRO NICOLAS\r\nNAVARRO JOSE LUIS\r\nMUÑOZ ROQUE MARCELO\r\nSOSA VICTOR IGNACIO\r\nRODRIGUEZ JORGE ORLANDO\r\nCHUMBA RAUL ENRIQUE\r\nLEZCANO EMILIANO\r\nAGUILAR GASTON EDUARDO\r\nMURGAS MATIAS DAMIAN\r\n\r\nLEGAJOS MBI 2013\r\nMOLINA MARTIN GASTON\r\nVAZQUEZ PATRICIO PASCUAL\r\nFERNANDEZ RICARDO JAVIER\r\nSILVA GUSTAVO EZEQUIEL\r\nOLIVERA JORGE LUIS\r\nTEMPERLEY EDUARDO CARLOS\r\n',8,31,'RHL16120037','BA1','742641','742681','2016-12-26','2016-12-26 18:30:23','2017-01-25 11:48:56'),(165,'CAJA 38:\r\n\r\nLEGAJO 2012 -EMSA\r\n\r\nLEITES DOS SANTOS ANTONIO\r\nLEITES DOS SANTOS OSCAR\r\nMEDINA DIEGO GABRIEL\r\nRAMIREZ CARLOS MAGNO\r\nRODRIGUEZ ALEJANDRO MAURICIO\r\nVACA JORGE DARIO\r\n\r\nLEGAJOS EMSA 2013\r\nGOMEZ GUSTAVO IGNACIO\r\nETCHETTO JUAN ALBERTO\r\nPINNICCHIA DANIEL A.\r\nNORRY ROMINA ELIZABETH\r\nMOYANO MAXIMILIANO DANIEL\r\nCABRERA GUILLERMO N.\r\nJIMENEZ DAMIAN ALEJANDRO\r\nSUAREZ CAMACHO YONEL\r\nVILLARROEL SOLIZ SANTIAGO H.\r\nRUIZ DIAZ FRANCISCO ANTONIO\r\nMALDONADO LAUTARO ADRIAN\r\nSANCHEZ CARLOS ALBERTO\r\nALVARENGA CESAR ANDRES\r\n\r\nLEGAJOS MBI 2013\r\nCALABRES PABLO DANIEL\r\nMARTIGNANO DANIEL ALBERTO\r\nPADRON MARIANO HERNAN\r\nPEARSON ALBERTO FELIPE\r\n',8,31,'RHL16120038','AF3','742637','742624','2016-12-26','2016-12-26 18:54:35','2017-01-25 11:49:09'),(166,'CAJA 39:\r\n\r\n LEGAJOS MBI 2013:\r\nCABALLERO SERGIO SEBASTIAN\r\nGARAY ARECO ELIDO RAMON\r\nRODRIGUEZ COSCIA CRISTIAN GABRIEL\r\nVILLA MARTIN EDUARDO\r\n\r\nLEGAJOS EMSA 2013\r\nGABRIELLI IVANO ALBERTO\r\nCACERES ESTEBAN LEONEL\r\nRODRIGUEZ JUAN PABLO\r\nLORENZO ARMANDO ALFREDO\r\nAVALOZ HERNAN GABRIEL\r\nNUÑEZ RODRIGO GABRIEL\r\nLEMA CINTIA ADRIANA\r\nBENITEZ CRISTIAN ABEL\r\nBENITEZ BENITEZ ALEXIS ARIEL\r\nBENITEZ EDGARDO EMILIO\r\nLEIVA JUAN MANUEL\r\n\r\nGIMENEZ FRANCISCO\r\nTEVEZ LEONEL GABRIEL\r\nROMAGNOLI RUBIO SERGIO FABIAN\r\nTOPPETTI MATIAS EZEQUIEL\r\nROBASSIO JUAN TEODORO\r\nSANCHEZ LUCAS ELIAN\r\nPREMAT ELIZABETH\r\nBENITEZ EDUARDO ANDRES\r\nPALAVECINO JUAN RAMON\r\nALVAREZ CLAUDIO EXEQUIEL\r\nNAVA YAMERLY LOURDES \r\nRETAMAR RAUL\r\nRETAMAR CARLOS JAVIER\r\n\r\nFRANCO LIDIA ESTER\r\nMARQUEZ PADRO GABRIEL NICOLAS\r\nESCOBAR ALEJANDRO NICOLAS\r\nLOPEZ EMANUEL DARIO\r\n\r\n',8,31,'RHL16120039','BE1','742630','742625','2016-12-26','2016-12-26 19:01:06','2017-03-31 19:29:33'),(167,'CAJA 40:\r\n\r\nLEGAJOS EMSA 2013:\r\nALZOGARAY JOSE LEONARDO	\r\nGOMEZ RAMON ALFREDO	\r\nBOISELLIER JORGE LUIS	\r\nBAEZ EMILIANO EZEQUIEL	\r\nFRANCHI NESTOR PATRICIO	\r\nFLORES ANDRES EMILIANO	\r\nSAYOS ALBERTO NAHUEL	\r\nGUEVARA PABLO ERNESTO	\r\nSOSA IGNACIO	\r\nRETAMAR OSCAR ALBERTO	\r\nGALLO MATIAS LUCIANO	\r\nPERUNETTI FERNANDO GABRIEL	\r\nGONZALEZ WALTER HUMBERTO	\r\n\r\nLEGAJOS 2013 - EMSA\r\nGALLICCIO MARIA ALICIA\r\nSANCHEZ MARIA EUGENIA\r\nDI LEO MARIA JOSE\r\nPAGNUTTI NICOLAS DANIEL\r\nGOROSITO FONSECA EVELYN DAIANA\r\nMIRANDA CLAUDIO DANIEL\r\n\r\nAGUIRRE VICTORIANO \r\nMORALES ANDRES\r\nCHAZARRETA JONATAN ANDRES\r\nTOFFANO GISELA SOLEDAD\r\n\r\nARQUEVEQUE FEDERICO DANIEL	\r\nAMARILLA VICTOR SEBASTIAN	\r\nCHAVEZ GUILLERMO IVAN	\r\nGUIMAREY FACUNDO JOSE	\r\nZARATE DANIEL HORACIO	\r\nRIVEROS DANIEL ALBERTO	\r\nCOMAS LEANDRO JOEL	\r\nTOLOSA RAUL ANGEL	\r\nMARCOS MICAELA	\r\nGOMEZ SERGIO ALBERTO	\r\nMASERONI ROMINA ANDREA	\r\nMEDINA RAMON ELADIO	\r\n\r\nCOLOMBATTI MARIA MICAELA	\r\nMORATO SOLEDAD MARIANELA	\r\nMACHADO JOEL	\r\nPOLVERIGIANI GERARDO	\r\nCROCE HERNAN	\r\nPARE NATALIA SOLEDAD	\r\n\r\n\r\n',8,31,'RHL16120040','AF3','742697','742627','2016-12-26','2016-12-26 19:20:43','2017-01-25 11:49:45'),(168,'CAJA 41:\r\n\r\nLEGAJOS\r\nBARILA MARCELA SOLEDAD	\r\nECHAVE MARIANA SOLEDAD	\r\nROMERO GUTAVO RAMON	\r\nLEMA NICOLAS EZEQUIEL	\r\nLOPEZ MATIAS JONATAN	\r\nGOMEZ FACUNDO NICOLAS	\r\nRAVAZZOLI SOFIA\r\n\r\nCARUZZO CARLOS GENARO	\r\nESPINDOLA HECTOR FEDERICO	\r\nBRIGUEZ HERNAN EZEQUIEL	\r\nSABRA MARO ALBERTO	\r\nGAMARRA GERARDO GERMAN	\r\nSEQUEIRA RAMON ANGEL	\r\nCASACCIA MYRIAM	\r\nOCAMPO ROBERTO	\r\nURDINEA PABLO	\r\nARANGUIZ MAXIMILIANO	\r\nRODRIGUEZ MARTIN	\r\nSANCHEZ BRAIAN	\r\nDOMINGUEZ CARLOS	\r\nMARTINEZ CABALLERO JORGE	\r\nPOLUTRANKA ANGEL	\r\nFRANGI MARIANO	\r\n\r\nLegajos de obra:			\r\n479	Vital Depósito	\r\nWalt Mart - Salta	\r\nAcuario	\r\n426	Molinos	\r\n425	Secretaria Presidencia	\r\n476	Acorazado	\r\n435	Yaguar	\r\n\r\n	\r\n',8,29,'RHP16120041','CH2','742252','742247','2016-12-26','2016-12-26 19:36:11','2017-03-31 19:30:01'),(169,'CAJA 42:\r\n\r\nVILCA MIGUEL	\r\nNIETO CRISTIAN	\r\nBERNAL ALEJANDRO	\r\nNAGODE SEBASTIAN	\r\nFERNANDEZ GUSTAVO	\r\nFUNES MIGUEL	\r\nAEDO TORRES PABLO	\r\nPINTARELLI JUAN	\r\nTERAN EMANUEL	\r\nSERRANO JONATAN	\r\nGUELET MANUEL	\r\nBORDENAVE SANTIAGO	\r\n\r\nMARTINEZ PABLO	\r\nBRITO FEDERICO	\r\nMALDONADO CRISTIAN	\r\nCORIA MARCOS	\r\nFERRARI ALEJANDRO	\r\nICARDI JORGE	\r\nGODOY FRANSISCO	\r\nMEDINA LUIS	\r\nESCOBAR ALBERTO	\r\nFRECA ARIEL	\r\nGUTIERREZ MIGUEL	\r\nLOPEZ EDUARDO	\r\nROMERO BRAIAN	\r\nFERNANDEZ MARCOS	\r\nMEDINA MIGUEL	\r\nQUIROGA CLAUDIO\r\n\r\nOSORIO ZAMBRANO	\r\nRIOS CARLOS	\r\nVILLAGRAN HUGO	\r\nMANCUELLO DARIO	\r\nRODRIGUEZ GUSTAVO	\r\nRODRIGUEZ CIRO	\r\nARECO ALVAREZ ARSENIO	\r\nCARRIZO ANGEL	\r\nGODOY CRISTIAN	\r\nBUSTOS CESAR	\r\nLUQUE JUAN	\r\nPEREZ MARCELO	\r\nTORRICO RICARDO	\r\nLOPEZ MATIAS	\r\nJARA DANIEL	\r\nCARENZCO RUBEN	\r\nCANTOS CARLOS	\r\nARISZABA JOSE	\r\nALBORNOZ AGUSTIN	\r\nLUQUE SEBASTIAN	\r\n	\r\n\r\n',8,31,'RHL16120042','AF2','742632','742616','2016-12-26','2016-12-26 19:48:34','2017-01-25 11:50:48'),(170,'CAJA 43:\r\n\r\nBARRIENTOS ANALIA	\r\nMARGNI EMANUEL	\r\nSTABILE JOSE	\r\nCAMARDA MONICA	\r\nANSEVUI DIEGO	\r\nLOPEZ FACUNDO	\r\nPEREYRA WALTER	\r\nROJAS LEONARDO	\r\nRODRIGUEZ ADRIAN	\r\nORELLANA	\r\n\r\n\r\nDOC EXTERNA.\r\nCABRERA GUSTAVO HERNAN - ART\r\nRECIBOS DE SUELDO SIN FIRMAR\r\nTRANSPORTE ALFARO\r\nGABRIEL CELENTANO\r\nAREMENTE - RUBEN FALCON\r\nFELDBERG Y BARRIOS\r\nRUBEN GEUNA\r\nPATRICIO JUAN CARLOS\r\nCOOPERATIVA DE TRABAJO LA QUERENCIA\r\nCOLOR CENTER\r\nJUAN SECCO\r\nGARDELLI\r\nTRANSPORTE JS\r\nING ROCA\r\nDIANA YABES\r\nALMEIDA RAMON LUJAN\r\nDANA VIDRIOS\r\nUOCRA\r\n\r\n\r\nBARROSO, DAVID E,\r\nRIPOLL, PABLO JAVIER\r\nVILLKA, AYALA EXEQUIEL\r\nGOMEZ, PABLO DAMIAN\r\nDESTEFANIS, LUCAS DAMIAN\r\nCARRILLO, BRAIAN C.\r\n\r\nBURGOS VICTOR MANUEL\r\nPEREZ CEFERINO PASTOR\r\nLINO LEONEL LEANDRO JESUS\r\nDURAN CLAUDIO HORACIO\r\nCAMPERO VICTOR MATIAS\r\nSBARBATI JUAN MANUEL\r\nFERNANDEZ ANGEL J.\r\nRAMIREZ MARTIN ARIEL\r\nAPARICIO HECTOR RUBEN\r\nFERREYRA OSCAR RAMON\r\nFERREYRA HORACIO OSCAR\r\nLEITES DOS SANTOS FABIAN\r\n',8,31,'RHP16120043','AF2','742601','742602','2016-12-26','2016-12-26 20:05:10','2017-01-25 12:05:55'),(171,'CAJA 44:\r\nLEGAJOS EMSA 2012\r\n\r\nARCE OVELAR ADRIANO R.	\r\nRODRIGUEZ PABLO MATIAS	\r\nRODRIGUEZ OSCAR ALBERTO	\r\nRODRIGUEZ GUSTAVO GABRIEL	\r\nBULDINI MIGUEL ALEJANDRO	\r\nALBORNOZ LUIS ALBERTO	\r\nPAZ ALFREDO EZEQUIEL	\r\nESPINOLA CABRERA BONIFACIO M.	\r\n\r\nBELO CARLOS	\r\nDETZEL RICARDO	\r\nEVANS FACUNDO	\r\nKUBSKI GERARDO	\r\nCHAMORRO CESAR	\r\nSEGURA LUCAS	\r\nGARCIA EMANUEL	\r\nCURVA JONATAN	\r\nAMALIO GUSTAVO	\r\nBRITEZ VICTOR	\r\nTALON SEBASTIAN	\r\nYEDRO ERNESTO	\r\nGABRIELI ALBERTO	\r\nTECAS OSCAR	\r\nBORDENAVE JUAN	\r\nCARDARE ARIEL	\r\nTULES OSCAR	\r\n\r\nMIRANDA PABLO\r\nPABLO MAXIMILIANO\r\nMACHUCA DENIS\r\nMATKO FERNANDO\r\nMASLANCHUK FRANCO\r\nPERESSINI GASTON\r\n\r\nACOSTA ESTEBAN\r\nPEDROZO EZEQUIEL\r\nNAGOSE CARLOS\r\nFISCHER EMILIO\r\nCOPA DANIEL\r\nPRETELL\r\nFERNANDEZ IGNACIO\r\nVADALA LEANDRO\r\nVLACHOS GUSTAVO\r\nMACIEL MIGUEL\r\nMARCHANT VICTOR\r\nCHILACA QUISPE\r\n\r\nBERESCIUK ALMONACID ANDRES\r\nBARRIOS NESTOR ALBERTO\r\nMANOLIO LUIS ALBERTO\r\nCABRAL YONATAN ALBERTO\r\nAGUIRRE LUIS ALBERTO\r\nAPERLO ANDREA MARIA ESTHER\r\n',8,31,'RHL16120044','AF2','742643','742635','2016-12-27','2016-12-27 13:32:23','2017-03-31 19:30:29'),(172,'CAJA 45:\r\n\r\nGARCIMUÑO SOLEDAD\r\nPEREIRA NICOLAS MAXIMILIANO\r\nGAUNA VERONICA ALEJANDRA\r\nBARRIOS GONZALO FEDERICO\r\n\r\nBARAGOGLIA LISANDRO	\r\nHIDALGO CARLOS DANIEL	\r\nRODRIGUEZ DIEGO SEBASTIAN	\r\nMARAZZI MARCELO ALBERTO	\r\nSANABRIA GUSTAVO JESUS	\r\nRAMIREZ JESSICA BEATRIZ	\r\nCASAS JORGE ALFREDO	\r\nFLORENCIANO MOLINAS LIZANDRO IVAN	\r\nARGAÑARAS LORENA FABIANA	\r\nREYNA DANIELA ALDANA	\r\nAGUIRRE CARLOS AMILCAR	\r\nCHAVEZ FERNANDO JORGE	\r\n\r\nGOMEZ MARCOS ANTONIO	\r\nESTIGARRIBIA LUCIA	\r\nSANCHEZ GUTIERREZ JORGE LUIS	\r\nSANCHEZ ANGEL DAVID	\r\nACUÑA MARCELO ALBERTO	\r\nMARTINEZ EUGENIA	\r\nDIAZ ROBERTO CARLOS	\r\nFLECHE CRISTIAN HERNAN	\r\nOJEDA CRISTIAN GERMAN	\r\nESTIGARRIBIA RICARDO DARIO	\r\nDELL MARIA DILYS	\r\nFAVERO OSCAR DANIEL	\r\nMARTINEZ RAUL ALBERTO	\r\nONNAINTY LUCAS OSCAR	\r\n\r\n\r\nDELLVALLE EMANUEL RICARDO		\r\nGAUNA CARLOS GABRIEL (ENVIADO AL ESTUDIO GALLEGO 12/16)		\r\nVAZQUEZ MAXIMILIANO DAVID		\r\nNORIEGA NESTOR DAMIAN		\r\nCANELO JOAQUIN		\r\n\r\n',8,31,'RHL16120045','AF3','742633','742939','2016-12-27','2016-12-27 13:44:49','2017-03-31 19:30:44'),(173,'CAJA 46:\r\n\r\nLLANOS RAMIRO	\r\nANTIVERO ANDRES OSCAR	\r\nGONCALVES SEBASTIAN LUIS	\r\nGOMEZ FACUNDO ARIEL	\r\nRAMIREZ JAVIER ALEJANDRO	\r\nORTIZ MAYCO OMAR	\r\nLOZANO EDUARDO ANIBAL	\r\nMERELE DAVID WILFREDO\r\n\r\nDI MARCO ALEJANDRA LILIANA		\r\nAGUILAR MATIAS ERNESTO		\r\nCESPEDES HERNAN ALBERTO		\r\nAGÜERO ALEJANDRO ESTEBAN		\r\nCERRUDO MAURO JESUS		\r\n\r\nCIPRIANO GUILLERMO JOSE\r\nGASPANI NAHUEL\r\n	\r\n',8,31,'RHL16120046','AF2','742603','742604','2016-12-27','2016-12-27 13:53:52','2017-01-25 17:43:42'),(174,'CAJA 47:\r\n\r\nANTONIETTI ROBERTO EZEQUIEL		\r\nCHAVEZ JOSE MAURICIO		\r\nFALCON MARIA ALEJANDRA	\r\nRODRIGUEZ MARIANO HERNAN	\r\n\r\nLEGUIZAMON, MAXIMILIANO\r\nSOSA, MARIELA G.\r\nSALAZAR, CLAUDIO OMAR\r\nESCURRA, MARIA DE LOS M,\r\nSTAFFIERI, MARIA V.\r\nDEMILI, MARCELO A,\r\nREYES, DIEGO DAMIAN\r\nRAIOLO, PAULO L.\r\nCORIO, CARLOS LUIS\r\nBERGAMOEN, OSVALDO R.\r\nSANCHEZ, CARLOS H.\r\n\r\n\r\nSOTELO ROBERTO PAULO\r\nGOMEZ MEDINA LUIS FEDERICO\r\nLEDESMA MENDES LUIS ALBERTO\r\nVAZQUEZ GUSTAVO\r\nPAZ HECTOR ROSENDO\r\nPAZ EVARISTO ROSENDO\r\nGOMEZ JUAN CARLOS\r\nPEPE GERARDO ANTONIO\r\n',8,31,'RHL16120047','AF2','742605','742606','2016-12-27','2016-12-27 14:12:42','2017-01-25 17:43:56'),(175,'CAJA 48:\r\nGONZALEZ MATIAS EZEQUIEL\r\nRIVERO ARIEL ANTONIO\r\nCAMPOS NATALIA MARIA LURDES\r\nLISTUER DAVID OSCAR\r\nCHAVARRIA GASTON IVAN\r\nCARRIZO ALFREDO ANTONIO\r\nCARRIZO ALEJANDRO RAMON\r\n\r\nLEGAJO	N°	\r\nTOURN GUSTAVO 	627	EMSA\r\nCUENCA GUSTAVO	225	EMSA\r\nBENAVIDEZ ARIEL	257	MBI\r\nHERRERA MARCELO	1005	EMSA\r\nCORZO ROQUE	84	MBI\r\nCATENNA ROBERTO	253	MBI\r\n DIAZ RUBEN ARCANGEL\r\nALVAREZ CRISTIAN\r\nCABAÑAS JUAN GABRIEL\r\nPENAYO PEDRO',8,29,'RHL16120048','AH3','742258','742369','2016-12-27','2016-12-27 14:26:35','2017-06-27 16:01:49'),(176,'CAJA 49:\r\n\r\n RECIBOS DE SUELDO EMSA\r\n1988: DE ENERO A SEPTIEMBRE\r\n1989: DE ENERO A DICIEMBRE\r\n\r\nRecibos de sueldo MBI	\r\n 2007:CONFIDENCIALES MARZO A DICIEMBRE\r\n\r\nRecibos de sueldo año  1999 - 2003 EMSA	\r\n	PERIODO INICIO:  1º QUINCENA DE MARZO DE 1999\r\n	PERIODO FINAL: 2º QUINCENA AGOSTO DE 2003\r\n	LIQUIDACIONES FINALES SEPTIEMBRE 2003\r\n	\r\n',8,29,'RHR16120049','BG3','742607','742645','2016-12-27','2016-12-27 17:37:21','2017-03-31 19:31:44'),(177,'CAJA 50:\r\n\r\nRECIBO DE SUELDOS AÑO 2006 EMSA	\r\n	\r\nJUNIO\r\nJULIO\r\n1º SAC\r\nAGOSTO\r\nSEPTIEMBRE\r\nOCTUBRE\r\nNOVIEMBRE\r\nDICIEMBRE\r\n2º SAC\r\n\r\nRECIBOS GALLO\r\n\r\nRECIBOS DE SUELDOS 2007 EMSA	\r\nENERO A DICIEMBRE\r\n1º SAC Y 2º SAC\r\n\r\nRECIBOS DE SUELDOS AÑO 2008	\r\nENERO A JUNIO 2008\r\n\r\nRECIBOS DE SUELDOS AÑO 2008, 2º SEMESTRE\r\n\r\nRECIBOS DE SUELDOS MBI - AÑO 2008	\r\n	\r\nPERIODO - 2º CUATRIMESTRE	MAYO\r\n	JUNIO\r\n	JULIO\r\n	1º SAC\r\n	AGOSTO\r\n',8,29,'RHR16120050','BG2','742629','742620','2016-12-27','2016-12-27 18:06:11','2017-03-31 19:31:50'),(178,'CAJA 51:\r\n\r\nRECIBOS DE SUELDOS AÑO 2005 (ENERO A DICIEMBRE)\r\nRECIBOS DE SUELDO 2008 MBI ( ENERO A ABRIL)\r\n\r\nRECIBOS DE SUELDOS	\r\nAÑO: 1999/2000\r\nLIQUIDACION FINAL AÑO 1999\r\n	\r\n\r\n',8,29,'RHR16120051','BE3','742634','742622','2016-12-27','2016-12-27 18:18:50','2017-03-31 19:31:58'),(179,'CAJA 52:\r\n\r\nPLANILLAS DE SUELDOS 1999\r\nBORRADOR DE LIQUIDACION 1999/\r\nPLANILLAS DE SUELDOS 1998\r\nBORRADORES DE LIQUIDACION 1998\r\nCALIFICACION DE OPERARIOS\r\n\r\nRECIBOS DE SUELDOS AÑO\r\n1998/1997\r\n\r\nRECIBOS 2005\r\n\r\nRECIBOS DE SUELDOS Y LIQUIDACION FINAL\r\n1997/1998\r\n\r\n',8,29,'RHR16120052','BF3','742673','742621','2016-12-27','2016-12-27 18:46:39','2017-03-31 19:32:15'),(180,'CAJA 53:\r\n\r\nRECIBOS DE SUELDO  1984/1986\r\nTALONES DE DEPOSITOS BANK BOSTON\r\n\r\nRECIBOS DE SUELDOS 2002\r\nRECIBOS DE SUELDO \r\n2º SAC 2001 A MARZ0 2002\r\n\r\nRECIBOS DE SUELDO MBI 2009 ENERO A DICIEMBRE\r\n',8,29,'RHR16120053','BG2','742628','742631','2016-12-27','2016-12-27 18:59:09','2017-03-31 19:32:26'),(181,'Banco 2008\r\nBanco 2009\r\ncarpeta banco finansur-ch-2008\r\ncarpeta reclamo de ch año 2008\r\ncarpeta bco BNL año 2005\r\ncarpeta bco citibank año 2002\r\ncarpeta bco BANKBOSTON año 2004\r\ninspección juridica \r\ncarpeta bco bank boston MVP año 2004\r\nimportaciones\r\npagos pendientes\r\nmovimiento de canje de cheque\r\nnación suc C.12 año 2013\r\nfac paga por teso MVP año 2005\r\nextracto bancario 2012\r\nmovimiento de fondo 2007\r\nmovimiento 2006\r\n ',4,35,'ADT16120087','BC3','742923','742919','2016-12-28','2016-12-28 14:38:37','2017-03-31 18:50:02'),(183,'CAJA 54:\r\n\r\nRecibos de sueldo año 2006 MBI / MVP\r\nRECIBOS DE SUELDOS MBI - AÑO 2008	\r\n	\r\nPERIODO - 3º CUATRIMESTRE	\r\nSEPTIEMBRE\r\nOCTUBRE\r\nNOVIEMBRE\r\nDICIEMBRE + SAC\r\n\r\nRECIBO DE SUELDOS EMSA 2010 (ENERO - DICIEMBRE)\r\n\r\nRECIBO DE SUELDOS MBI  2010 (ENERO A JUNIO)\r\n\r\n\r\n	\r\n\r\n',8,29,'RHR16120054','BG3','742935','742941','2016-12-28','2016-12-28 15:38:06','2017-03-31 19:32:34'),(184,'amex corp 2011 tarjeta REM 2012 tarjeta pers RM amex corpo 2012 RM',4,35,'ADT16120088','BD1','742921','742938','2016-12-28','2016-12-28 15:41:24','2017-03-31 18:50:12'),(185,'CAJA 55:\r\n\r\nRECIBO DE SUELDOS MBI  2010 (JULIO A DICIEMBRE)\r\nRECIBOS DE SUELDO MBI 2011 (ENERO A JUNIO)\r\nRECIBOS DE SUELDO EMSA 2011 ( ENERO A JUNIO)\r\n\r\n',8,29,'RHR16120055','BE3','742929','742922','2016-12-28','2016-12-28 15:43:56','2017-03-31 19:46:41'),(186,'CAJA 56:\r\n\r\nRECIBOS DE SUELDO MBI 2012 (ENERO A JUNIO)\r\n\r\nRECIBOS DE SUELDOMBI 2012 (JULIO A DICIEMBRE - SAC Y VAC)\r\n\r\nRECIBOS DE SUELDO EMSA 2012 (ENERO A JUNIO)\r\n\r\n',8,29,'RHR16120056','BG3','742902','742927','2016-12-28','2016-12-28 15:50:22','2017-03-31 20:09:26'),(187,'CAJA 57:\r\n\r\nRECIBOS DE SUELDO EMSA 2012 (JULIO A DICIEMBRE)\r\n\r\nRECIBOS DE SUELDO CONFIDENCIALES 2007/2009/2010\r\n(MILLER RICARDO 2007-2008-2009-2010		\r\nESTEVEZ JORGE 2007-2008-2009-2010		\r\nVALLINI LAURA 2007-2008-2009-2010		\r\nACETO FERNANDO 6/2010 - 7/2011		\r\nLOFREDO MARTIN 6/2011 - 10/2011)\r\n\r\nRECIBOS DE SUELDOS AÑO 2013 1 º SEMESTRE - EMSA (ENERO A JUNIO)\r\nRECIBOS DE SUELDOS AÑO 2013 2 º SEMESTRE - EMSA ( JULIO - DICIEMBRE)\r\n\r\n		\r\n\r\n\r\n',8,29,'RHR16120057','BF3','742917','742912','2016-12-28','2016-12-28 16:00:39','2017-03-31 20:09:34'),(188,'amex corp 2012 LV\r\namex corp 2012 Eduardo Temperly \r\namex corp 2012 Di Marco\r\nMembrillar-telefono, expensa, municipalidad, control urbano, metrogas.\r\njose lopez, recbo alquiler,telefono,aysa, edesur, metrogas 2011/2012 telefonia falucho\r\ntarjetas LV\r\nAMERICAN EXPRESS ANA CAMPO- DI MARCO\r\nTARJETAS PERSONALES RM año 2011\r\n\r\n',4,35,'ADT16120089','BD1','742995','742986','2016-12-28','2016-12-28 16:18:45','2017-03-31 18:50:27'),(189,'CAJA 58:\r\n\r\nRECIBOS DE SUELDOS AÑO 2013 1 º SEMESTRE - MBI \r\n\r\nRECIBOS DE SUELDOS AÑO 2013 2 º SEMESTRE - MBI \r\n\r\n RECIBOS DE SUELDOS EMSA 2014 (ENERO - JUNIO)\r\n\r\n',8,29,'RHR16120058','BG2','742908','742926','2016-12-28','2016-12-28 17:10:21','2017-03-31 20:09:43'),(190,'CAJA 59:\r\n LIBRO SUELDO 88/ 89/90/91\r\nLIBRO SUELDO 95/96\r\n',8,29,'RHR16120059','BE3','742925','742916','2016-12-28','2016-12-28 17:33:38','2017-03-31 20:09:51'),(191,'viaticos 2015\r\nviaticos 2014\r\nviaticos 2003\r\nviaticos 2001 direccion\r\nviaticos 2007 Jose Agnese\r\nrendicion de caja 2014',4,35,'ADT16120090','BB1','742969','742977','2016-12-28','2016-12-28 17:45:21','2017-03-31 18:50:38'),(192,'CAJA 60:\r\n\r\nLIBRO SUELDO\r\nENERO 92 A DIC 93\r\nMARZO 96 A JUNIO 96\r\nENERO 97  A DIC 97\r\nJUNIO 98 A DIC 98\r\n',8,29,'RHP16120060','BG3','742909','742928','2016-12-28','2016-12-28 17:50:17','2017-03-31 20:10:01'),(193,'D/B-P/C-COB-C/B EMSA 2014\r\nP/C 1800-1968 Y 2050-2149 EMSA 2014\r\nOPG 25321-25405 EMSA 2014\r\nD/B 1064 A 1599 EMSA 2013\r\nD/B 1700-1749 EMSA 2014\r\nD/B 150-199 PLUSLOG 2012\r\nD/B 01-86 PLUSLOG 2012\r\nD/B 001-148 PLUSLOG 2010\r\nEGR 293-323 PLUSLOG 2014\r\n\r\n ',4,35,'ADT16120091','BC1','742949','742937','2016-12-28','2016-12-28 17:54:22','2017-03-31 18:50:47'),(194,'EGR AGOSTO-2013 MBI\r\nEGR DICIEMBRE-2014 18082-18132 MBI\r\nEGR NOVIEMBRE-2014 18040-18081 MBI\r\nEGR OCTUBRE-2014 17974-18038 MBI\r\nEGR SEPTIEMBRE-2014 17973-17935 MBI\r\nEGR AGOSTO-2014 17886-17935 MBI\r\nEGR JULIO-2014 17850-17894 MBI\r\nEGR JUNIO-2014 17807-17893 MBI\r\nEGR MAYO-2014 MBI\r\nEGR MAYO-2014 17750-17799 MBI\r\nEGR ABRIL-2014 17700-17749 MBI\r\nEGR MARZO-2014 17650-17699 MBI\r\nEGR FEBRERO-2014 17601-17649 MBI\r\nDEPOSITO BANCO CH3ROS BOL-CJE-C/B\r\nD/B 12750-13096 2014 MBI\r\nD/B 12350-12599 2014 MBI',4,35,'ADT16120092','BD1','742901','742915','2016-12-28','2016-12-28 17:57:12','2017-03-31 18:50:56'),(195,'bancos\r\nagosto-septiembre 2014\r\nmayo - junio 2015\r\nseptiembre-octubre 2014\r\noctubre 2015\r\nD/B 12702-12749 2014 MBI\r\nD/B 12600-12698 2014 MBI\r\n',4,35,'ADT16120093','BB3','742962','742911','2016-12-28','2016-12-28 17:59:29','2017-03-31 18:51:10'),(196,'CAJA 61:\r\n\r\nRECIBOS DE SUELDO EMSA 2014  JULIO - DICIEMBRE)\r\n\r\nLIBRO SUELDO MBI (2006 AL 08/2008)\r\nLIBRO SUELDO EMSA (06/2003 AL 11/2008)\r\n',8,29,'RHP16120061','BE2','742956','742918','2016-12-28','2016-12-28 18:01:13','2017-03-31 20:10:08'),(197,'bancos\r\nenero a abril-julio a septiembre 2015',4,35,'ADT16120094','BD3','742906','742907','2016-12-28','2016-12-28 18:02:51','2017-03-31 18:51:24'),(198,'banco\r\nnoviembre-diciembre 2015\r\njunio a agosto 2014\r\nnoviembre-diciembre 2014',4,10,'ADT16120095','BC1','742974','742177','2016-12-28','2016-12-28 18:06:42','2017-03-31 18:51:39'),(199,'CAJA 62:\r\n\r\nLIBROS SUELDOS:\r\n7/85 A 6/86\r\n09/87 AL 7/88\r\n07/86 AL 8/87\r\n\r\nMVP: 2004/2005/2006\r\nEMSA: 2000/2001/2002/2003',8,29,'RHR16120062','BF2','742940','742920','2016-12-28','2016-12-28 19:41:40','2017-03-31 20:10:15'),(200,'CAJA CHICA PLUSLOG \r\nDEP BANC 2014\r\nFONDO DE DESEMPLEO 2008 A 2013\r\n',4,35,'ADT16120096','BB2','742993','742997','2016-12-30','2016-12-30 19:55:59','2017-03-31 18:49:46'),(201,'CAJA 63:\r\n\r\n- CONTROL DE VEHICULOS 2016\r\n- PARTES DIARIOS  2016\r\n- HORAS EXTRAS 2016',8,29,'RHP17010063','BG1','742246','742206','2017-01-02','2017-01-02 13:49:51','2017-03-31 20:10:23'),(202,'CAJA 64:\r\n\r\nCOOPERATIVAS VARIAS		\r\n	APERCIBIMIENTO COOPERATIVA	\r\n		\r\n		\r\nCOOPERATIVA PEHUECHE	LISTA DE SOCIOS	\r\n	COBERTURA	\r\n	LIQUIDACION PERIODO 2da QUINCENA Y MENSUAL 2007	\r\n	ANTICIPOS 2007	\r\n	RECIBOS	\r\n		\r\nINFORME JURIDICO		\r\nDECLARACION JURADA		\r\nLEGAJO JUDICIAL DE VERON		\r\nCOOPERATIVA INDUSTRIAL COOP	COBERTURA	\r\nCOOPERATIVA DE TRABAJO	PLANILLA DE CALCULO	\r\n	REMUNERACION	\r\nCOOPERATIVA NEXO PATAGONIA		\r\nveron juan legales\r\n\r\nCOOPERATIVA INSTALADORES		\r\n	ENTRADA Y SALIDA DE PERSONAL 2004/2007	\r\n	BORRADORES DE LIQUIDACION 2006/2007	\r\n	HORAS PERSONAL MVP COOP,Y FABRICA 20	\r\n	APORTES( 11/2005  - 11/2006	\r\n	COBERTURA ART	\r\n	COOPERATIVA(ACTA CONSTITUTIVA.ACTAS GENERALES,	\r\n	REGLAMENTO INTERNO.CONTRTO SERVICIO 7/2003	\r\n	MINISTERIO DE TRABAJO.INSPECCIONES Y RELEVAMIENTO	\r\n	CONTRATOS DE LOCACION DE SERVICIOS	\r\n\r\nCOOPERATIVA INSTALADORES	\r\n	RECIBOS DE ANTICIPO 2006/2007\r\n	RECIBOS DE RETIRO MENSUAL\r\n\r\n		\r\n		\r\n',8,30,'RHP17010064','BF3','742913','742299','2017-01-02','2017-01-02 15:20:07','2017-03-31 20:10:31'),(203,'CAJA 65\r\n\r\nCOOPERATIVA AGRUPAR	\r\nENTRADA Y SALIDA DEL PERSONAL   1998  AL 02/02/1999 al 2000\r\n\r\nmiller varco pruden		\r\nENTRADA Y SALIDA DEL PERSONAL 2000 al 2005	\r\nENTRADA Y SALIDA DEL PERSONAL-LIMPIEZA-COCINA-CADETE-OTROS	\r\n(GIMENEZ DAMIAN,GONZALES VANESA,LAVALLE SANDRA	\r\n\r\n\r\n',8,30,'RHP17010065','BG2','742959','742981','2017-01-02','2017-01-02 15:25:33','2017-03-31 20:10:40'),(204,'CAJA 66:\r\n\r\nCOOPERATIVA AGRUPAR	LISTADO DE FICHADA POR LEGAJO\r\nESTANISLAO MILLER	15/01/1999 AL 15/03/2009\r\n\r\nCOOPERATIVA AGRUPAR	LIQUIDACION 1997/2000\r\n	RECIBO  DE TARJETA MAGNETICA\r\n	VALE DE ALMUERZO 1999\r\n	\r\n	ANTICIPO\r\n	AUTORIZACION DE HORA EXTRAS\r\n	CRONOGRAMA DE SUSPENSIÓN\r\n	FAX\r\n	MEMOS\r\n	CONTRATOS LOCACION SERVICIO	MAYO 1998 - MAYO 1999\r\n	ESTATUTO SOCIAL\r\n',8,29,'RHR17010066','BG3','742292','742958','2017-01-02','2017-01-02 15:29:44','2017-03-31 20:11:34'),(205,'CAJA 67:\r\n\r\nCONTENIDO DE LA CAJA 93	INDICE CAJAS\'!A1\r\nCOOPERATIVA	\r\n	\r\nemsa	SOLICITD DE EMPLEO EMSA 2006\r\nmvp	ACUSE RECIBO ENTREGA DE DOCUMENTO 1998 MVP\r\n	TELEGRAMA MVP\r\n	VARIOS MVP\r\n	\r\nDOCUMENTOS VARIOS 2005\r\nCONTROL DE HORARIOS DE PERSONAL\r\nCONTROL DE HORARIOS DE PERSONAL 2005\r\nRESUMEN LIQUIDACION MARZO A MAYO 1996\r\nCONTROL TAREA 1998\r\nplanillas de tareas semanales\r\n\r\nEMSA	TELEGRAMAS Y CCD JUNIO 1998 A DICIEMBRE 2006\r\nMBI	CONTRIBUCIONES ENERO A AGOSTO 2000\r\nMBI	TELEGRAMAS Y CCD JUNIO 1998 A DICIEMBRE 2006\r\nMVP	TELEGRAMAS Y CCD JUNIO 1998 A DICIEMBRE 2006\r\nmvp	RECIBOS ADELANTOS SUELDO ABRIL . MAYO 2003\r\nMVP / COM-QUIL SRL	CONTRATO CONCESION COMEDOR\r\n	\r\nactas de inspeccion de agrupar\r\nlistado de declaracion jurada 2000\r\n\r\nCOOPERATIVA AGRUPAR	\r\n	\r\nCONVENIO DE SERVICIO AGRUPAR - MVP AÑO 1999\r\nCONVENIO DE SERVICIO  AGRUPAR - MVP AÑO 1998\r\nRECIBOS AJUSTE RETORNO \r\nCOMUNICACIONES SOBRE ASOCIADOS 1998/1999\r\nNOMINA DE EMPLEADOS \r\nAMRA SALUD \r\nESTATUTO SOCIAL COOPERATIVA AGRUPAR\r\nART\r\nCERTIFICACIONES DE OBRA\r\nRESUMEN LIQUIDACION \r\ntestimonio del estatuto de la cooperativa agrupar\r\ncontrato de locacion de servicio\r\n\r\n	\r\n\r\n',8,29,'RHR17010067','BG2','742985','742999','2017-01-02','2017-01-02 15:34:35','2017-03-31 20:11:46'),(206,'CAJA 68:\r\n\r\nACUÑA ARIEL	2008\r\nAGNESE JOSE ANTONIO	2008\r\nAGÜERO WILFREDO ANDRES	2008\r\nAGUIRRE ATANACIO	2008\r\nALBORNOZ AGUSTIN	2008\r\nALBORNOZ ANATOLIO PRESEN	2008\r\nALBORNOZ ANTONIO	2008\r\nALEGRE CRISTIAN	2008\r\nANTUNES BERNARDO	2008\r\nAYALA MARCOS	2008\r\nBARREIRO JORGE LEONARDO	2008\r\nBARRETO JAIRO NICOLAS	2008\r\nBARRIOS ROMERO CRISTIAN JESUS	2008\r\nBENITEZ ESPINDOLA MAXIMO	2008\r\nBENITEZ MAURICIO	2008\r\nBENITEZ TINTEL RANOLI ANTONIO	2008\r\nBENITEZ TROCHE FRANCISCO	2008\r\nBERNACHEA JUAN	2008\r\nBEZZANA CARLOS EDMUNDO	2008\r\nBOBADILLA ROMERO JORGE	2008\r\nBOGHOSSIAN MAXIMILIANO GABRIEL	2008\r\nBORDA APOLINARIO	2008\r\nCABRAL RAMON ENRIQUE	2008\r\nCABRERA GUSTAVO ESTEBAN	2008\r\nCAFFARENA NICOLAS	2008\r\nCARDOZO ANIBAL JAVIER	2008\r\nCARDOZO CARLOS DAVID	2008\r\nCARRIZO DIEGO GUSTAVO	2008\r\nCONTRERAS ENRIQUE MAXIMILIANO	2008\r\n\r\nCHAMORRO MARCELO EDUARDO	2008\r\nCHEVEZ GONZALEZ JAVIER	2008\r\nCONTRERAS ENRIQUE MAXIMILIANO	2008\r\nCORDOVA ESTEBAN HORACIO	2008\r\nDUARTE HECTOR EDGARDO	2008\r\nESCALANTE DANIEL RAMON	2008\r\nESCOBAR MAXIMILIANO	2008\r\nESPINOZA OMAR ROLANDO	2008\r\nESTEVEZ FERNANDO	2008\r\nBARRIONUEVO LEONARDO G.	2008\r\nBANEGAS MARCOS JESUS	2008\r\n\r\nLEGAJOS 	\r\nREYNOSO\r\nESCALANTE RUBEN\r\nSWARYCZWKI \r\n\r\nNOMBRES DE EMPLEADOS	\r\nLEDESMA LINDOR LEONIDES	2007\r\nGABIO MIGUEL ANGEL	2009\r\nELIA CESAR JULIO ORLANDO	2009\r\nLEDESMA JORGE MARTIN	2009\r\nPELAYO MAURICIO SEBASTIAN	2007\r\nGALLO FERNANDO OSCAR	2007\r\nSOTO MARIO ARGENTINO	2007\r\nCARRIZO ANGEL MANUEL	2007\r\nCOCERES GULLERMO MIGUEL	2007\r\nGOMEZ FRANCISCO DA	2007\r\nACOSTA RAMON PREOCUPACIONAL	2008\r\nALFONSO LUIS PREOCUPACIONAL	2008\r\n\r\nRECIBOS DE SUELDOS EMSA	  AÑO 2003/2004\r\n\r\nMVP - liquidacion aportes Jubilatorios 	1999\r\nOSDE - DOCUMENTOS 	1997 / 2000\r\n	\r\nEMSA - RECIBOS DE PAGO PERIODO	\r\n* DICIEMBRE DE 1993	1993\r\n* JUNIO DE 1994	1994\r\nMVP - FEDERACION PATRONAL	\r\nDOCUMENTOS DESDE 5/99 HASTA 06/2000	1999 / 2000\r\n\r\n\r\n',8,29,'RHP17010068','BE2','742951','742957','2017-01-02','2017-01-02 16:45:19','2017-03-31 20:11:56'),(207,'CAJA 69:\r\n\r\nCUENTAS CORRIENTES	\r\nVIATICOS DEL PERSONAL\r\nDETALLES DE MOVIMIENTOS DE FONDOS\r\n\r\nCAUSAS JUDICIALES ACTIVAS 2007	\r\nBARRIONUEVO\r\nCISNEROS FELIPE\r\nMEZA RAMON\r\nMEZA GUSTAVO\r\nALMIRON RAMON \r\n\r\nACUERDOS PERSONALES AÑO 2002 AL 2004\r\n\r\nUOM LIQUIDACION	UOM - MBI 12/2004 A 12/2007	\r\nUOM / ASIMRA - MBI 01/2007 a 12/2007	\r\nUOM - EMSA - 2/2004 a 12/2007	\r\n		\r\nCARGA SOCIAL		\r\nAFIP / SUSS EMSA	10 / 2005 a 12/2007\r\nAFIP / SUSS MBI	10 / 2005 a 12/2007\r\nOSDE	12 / 2004 a 12 /2007\r\n\r\nDOCUMENTOS CASO PARRA\r\nINTIMACIÓN DE PAGO Y CITACIÓN DE REMATE\r\nLEGALES \r\n	\r\n\r\n\r\n\r\n',8,29,'RHP17010069','BE3','742955','742953','2017-01-04','2017-01-04 14:30:36','2017-03-31 20:12:03'),(208,'CAJA 70:\r\n\r\nEMBARGOS PERSONALES			\r\nPRESTAMOS			\r\nCONTRATOS DE CONFIDENCIALIDAD			\r\nBOLETA DE DEPOSITO			\r\nCONSTANCIA DE VISITA			\r\nPLANO			\r\nACTA DE INSPECCION			\r\nMOVIMIENTOS			\r\nEMBARGOS	DESTEFANIS LUCAS (2009)	pasado a legajo personal - 2010	\r\nOVEJERO MIGUEL (2006)	pasado a legajo personal - 2010	\r\nGIMENEZ JORGE DANIEL (2008)		\r\nGUILIANI ROBERTO SILVIO (2006)	pasado a legajo personal - 2010	\r\nCACERES CARLOS ALEJANDRO (2006)	pasado a legajo personal - 2010	\r\n\r\nLEGAJOS SEGUROS DE AUTOMOTOR\r\n\r\nCARTAS DOCUMENTOS \r\nACTAS\r\nTELEGRAMA\r\n\r\nACTAS\r\nESCRITURA\r\nINDEC\r\nACTUACION NOTARIAL\r\nCONTRATO DE ALQUILER SCHNELL\r\nSWARYCZEWKI NESTOR\r\n			\r\n                                                                                                                                                                                                                                                                                                                                                                                                                                                                                                                                                                                                                                                                                                                                                                                                                                                                                                                                                                                                                                                                                                                                                                                                                                                                                                                                                                                                                                                                                                                                                                                                                                                                                                                                                                                                                                                                                                                                                                                                                                                                                                                                                                                                                                                                                                                                                                                                                                                                                                                                                                                                             ',8,29,'RHP17010070','BG3','742950','938130','2017-01-04','2017-01-04 14:42:52','2018-01-19 20:14:40'),(209,'CAJA 71:\r\n\r\nOBRA NORTE	\r\nPROGRAMA DE SEGURIDAD	IBM\r\nPROGRAMA DE SEGURIDAD	COPETRO\r\nPROGRAMA DE SEGURIDAD	COTO\r\n\r\nOBRAS 2010/2011	\r\nPETRO PACK AMPLIAZION 2\r\nCOTO SAN FERNANDO\r\nPROAS LOGISTICA\r\nT TAMGO\r\nSALTA REFRESCOS S.A.\r\nCAPANONE\r\nETCHECHOURY\r\nNINI S.A.\r\n\r\nOBRAS 2010	\r\nCOTO / M. ARGENTINAS\r\nABRIL FIRMAS\r\nLOMAS DEL SOL\r\nVITAL POSADAS\r\nJEAN CHRISTOPHER\r\nGAR\r\nREFRESCO SALTA-TUCUMAN\r\n\r\nOBRAS 2009-2010	\r\nCOTO MUNRO\r\nALBOR JOSE MARIA (306)\r\nYAGUAR (CHACO)\r\nBUDEGUER\r\nCARESTIBA S.A.\r\nCEPAS - MARTIN AGUIRRE\r\nCOTO EZEIZA\r\n	\r\n\r\n',8,29,'RHP17010071','BE1','938129','742944','2017-01-04','2017-01-04 14:50:20','2018-01-19 20:15:16'),(210,'CAJA 72\r\n\r\nCONTRATO DE TRABAJADORES EXTRANJEROS\r\nDEBITOS DE BANCOS\r\nSUSS 1996/1997\r\nBAJAS 2000\r\n	\r\nEMSA - MVP	\r\nSUSS 4/1997 A 12/1997\r\nhojas moviles año 2001\r\n\r\nRECIBOS DE SUELDO MILGAS PERIODO 1997 - 1998 \r\nMOVILES DE RMPLAZO DEL LIBRO ESPECIAL ART,52 LEY 20744\r\n\r\nSINDICATOS 2009 EMSA-MBI	FONDO DE DESEMPLEO PARA LOS TRABAJADORES DE LA CONSTRUCCION EMSA 2009\r\nUOCRA EMSA 2009\r\nIERIC EMSA 2009\r\nASIMRA EMSA 2009\r\nASIMRA MBI 2009\r\nUOM EMSA 2009\r\nUOM MBI 2009\r\nCONVENIO OSPECON-UOCRA-FONDO-2009/2011\r\n\r\n',8,30,'RHR17010072','BE3','938180','742988','2017-01-04','2017-01-04 14:55:47','2018-01-19 20:13:54'),(211,'CAJA 73\r\n\r\nSUSS Y PREPAGAS 2009 MBI-EMSA	LIQUIDACION SUSS EMSA 2009\r\nLIQUIDACION SUSS MBI 2009\r\nOSIM SWIT MEDICAL EMSA 2009\r\nOSIM SWIT MEDICAL MBI 2009\r\nOSDE MBI 2009\r\n\r\nSUSS 1994/1995\r\nSECLO\r\n\r\n\r\nSUSS Y PREPAGAS 2008  MBI - EMSA	\r\nSWISS MEDICAL\r\nOSDE \r\nMBI - SUSS 2008-\r\nEMSA - SUSS 2008-\r\nASE- MEDIFIRE\r\n\r\nSINDICATOS 2008  MBI - EMSA	\r\nUOM - MBI-\r\nUOM - EMSA-\r\nASSIMRA - MBI-\r\nIERIC / UOCRA  (07/2008 - 12/2008)\r\nFONDO DESEMPLEO (02/2008 - 12/2008)NOTA: EL 17/06/2010 - LOS COMPROBANTES SE ENTREGARON A ADMINISTRACION\r\n\r\nDOCUMENTACION VARIAS	\r\nMILLER-VARCO PRUDEN  U.O.M.R.A\r\nACTAS\r\nCOMPROBANTES\r\nUOM 01/01/1998\r\nBOLETA DE DEPOSITO\r\nCONSTANCIA DE VISITA\r\nPLANO\r\nACTA DE INSPECCION\r\nMOVIMIENTOS\r\n\r\n\r\n\r\n',8,30,'RHP17010073','BG1','742980','938150','2017-01-04','2017-01-04 15:10:54','2018-01-19 20:19:59'),(212,'CAJA 74:\r\n\r\nMVP	SUSS, 931 AÑOS 1999 - 2000\r\n\r\nPREPAGAS EMSA 2010	GALENO\r\n	SWISS MEDICAL\r\n	MEDICUS \r\n	OSDE\r\n	\r\nPREPAGAS  MBI 2010	OSIM-MEDICUS\r\n	OSIM-SWISS MEDICAL\r\n	OSDE\r\n	\r\nLIBRETAS FONDO DE CESE LABORAL SIN USAR	\r\n\r\nRECIBOS DE SUELDO MBI 2009 JULIO A DIC\r\n\r\nSINDICATOS  EMSA 2010	UOCRA 			\r\nI.E.R.I.C 			\r\nFONDO DE DESEMPLEO 			\r\nASIMIRA 	ACUERDO PAGO DE INSPECCION ACTA 114,612		\r\n				\r\nSINDICATOS  MBI 2010	UOM			\r\nASIMIRA 			\r\nUOM			\r\nSUSS EMSA 2010				\r\nSUSS MBI 2010				\r\n				\r\nSUBSECRETARIA INDUSTRIA FEBRERO 2011				\r\n\r\n	\r\n\r\n',8,30,'RHP17010074','BE1','742960','742991','2017-01-04','2017-01-04 15:43:31','2017-03-31 20:12:39'),(213,'CAJA 75:\r\n\r\nRECIBOS DE SUELDO	JULIO 1ra y 2da QUIN/MENSUALES	\r\nMBI 2011	AGOSTO A DIC 	\r\nCONFIDENCIALES	\r\n\r\nSINDICATOS  EMSA 2011	UOCRA \r\n	I.E.R.I.C \r\n	FONDO DE DESEMPLEO \r\n	\r\nSINDICATOS  MBI 2011	UOM\r\n	ASIMIRA \r\nSUSS EMSA 2011	\r\nSUSS MBI 2011\r\n\r\nPREPAGAS EMSA 2011	GALENO\r\n	SWISS MEDICAL\r\n	MEDICUS \r\n	OSDE\r\n	SWISS MEDICAL TELEZON\r\n	\r\nPREPAGAS  MBI 2011	OSIM-MEDICUS\r\n	OSIM-SWISS MEDICAL\r\n	OSDE\r\n	\r\n	\r\n',8,29,'RHP17010075','BE1','742998','742946','2017-01-04','2017-01-04 15:47:52','2017-03-31 20:12:48'),(214,'CAJA 76:\r\n\r\nOBRAS	362-SECRETARIA 1(TECNOPOLIS)	\r\nEMSA2011	352-BIOENERGIA, SANTA ROSA	\r\nMBI 2011	289-HOME PLAST	\r\n322-INDATA	\r\n332-LEMUNKUYEN	\r\n316-CAÑUELAS GAS EXTRA GAS 2	\r\n330-GASITAL	\r\n334-ESTUDIANTES DE L.P.	\r\n360-GEN.ROD	\r\n323-LATERSA MONACO	\r\n\r\nOBRAS 2011	360-GEN ROD ALERO	\r\n346-LAROZ, VICTOR,	\r\n379-SECRETARIA 5	\r\n297-JEAN CHRISTOPER	\r\n373- COARCO S.A.	\r\n354-LOMAS DEL SOL SRL AMPLIACION	\r\n338-MUN. EZEIZA GALPON AUTOMOTOR	\r\n357-PETROPACK AMP ALEROS	\r\n376-SECRETARIA 4	\r\n8-UPA LANUS	\r\n		\r\nOBRAS 2011	\r\n7- UPA AVELLANEDA\r\n9-  UPA LA MATANZA\r\n\r\n\r\n\r\n',8,29,'RHP17010076','BG1','742987','938174','2017-01-04','2017-01-04 17:42:22','2018-01-19 20:19:34'),(215,'CAJA 77:\r\n\r\nOBRAS 2011	\r\n364-  N Y J ASOCIACION COCA-COLA	\r\n378- VITAL	\r\n361- VILLATUM	\r\n349- TVG	\r\n347- CONFECOR	\r\n356- BUDEGUER	\r\n\r\nOBRAS 2012	\r\n351 - COTO CARTONERO / CENTRO DITRIBUCION		\r\n385 - UPA LONG CHAMP\r\n\r\nOBRAS 2012	\r\n371 - CHANGO MAS CIUDAD JUDICIAL		\r\n369 - WALMART MENDOZA		\r\n359 - ORESTE DURANTE	\r\n368 - MAXICONSUMO LOMAS ZAMORA	\r\n\r\n			\r\n		\r\n\r\n',8,29,'RHP17010077','BG1','742936','938159','2017-01-04','2017-01-04 17:47:54','2018-01-19 20:22:40'),(216,'CAJA 78:\r\n\r\nISO  AÑO 2004\r\nISO 2006\r\n\r\nISO 2009 2010				\r\nREGISTRO DE FORMACION 2007-2008			\r\nEVALUACION DE DESEMPEÑO Y REGISTROS DE FORMACION 2009			\r\nEVALUACION DE DESEMPEÑO Y REGISTROS DE FORMACION 2010			\r\nDOCUMENTOS SUPERADOS 2011			\r\nSELLECCION AVISOS PUBLICADOS DESDE 2006 HASTA 2010			\r\nREGISTRO DE FORMACIÓN 2011			\r\n				\r\n\r\n\r\n\r\n',8,29,'RHP17010078','BE2','742943','938169','2017-01-04','2017-01-04 18:02:29','2018-01-19 20:23:14'),(217,'CAJA 79:\r\n\r\nAPORTES Y CONTRIBUCIONES SERVICIO DOMESTICO 		\r\nMAIDANA,JUANA	\r\nROJAS, ADRIANA E.	\r\nENCINA, EDITH A.	\r\nOJEDA, JORGE MATIAS	\r\nESCATE QUISPE, ROSA M. D P.	\r\nCERON, FRANCO M.	\r\nGOMEZ, CATALINA	\r\nBELAUZAURAN, STELLA M.	\r\nBENITEZ FERMIN (RM)	\r\nELVA CANDIA DE ARZAMENDIA (RM)\r\n\r\nLEGALES RECURSOS HUMANOS	MBI - ESI SERVICE - CARLOS CECILIA NICOLASA		\r\nEMSA-MBI	JUICIO CHEDIAK		\r\n	JUICIO GARCIA MARIO		\r\n	JUICIO GUERRA ARNALDO FABIAN		\r\n	JUICIO LEGUIZAMON		\r\n	JUICIO RIOS GERARDO ARIEL		\r\n\r\nLEGALES ADMINISTRATIVOS\r\nEMSA-MBI 2011\r\n\r\n\r\n	\r\n		\r\n		\r\n',8,29,'RHP17010079','BE2','938114','938104','2017-01-04','2017-01-04 18:17:45','2018-01-19 20:24:37'),(218,'CAJA 80:\r\n\r\n398 - CULTURA\r\n341 - CITROMAX\r\n372 - CONTROL UNION\r\n374 - MAGLIONE\r\n\r\nDENUNCIAS ART/ANSES NOTAS -VARIOS	\r\n	DENUNCIAS ART\r\n	EMSA-DEL 2001 AL 2011\r\n	MBI-DEL 2006 AL 2011\r\n	\r\n	ANSES -SUAF/NOTAS -VARIOS\r\n	EMSA-DEL 2008 AL 2011\r\n	MBI-DEL 2008 AL 2010\r\n\r\n\r\nPIROTÉCNICOS.\r\n\r\nSEGURIDAD E HIGIENE ',8,29,'RHP17010080','BE3','742994','938107','2017-01-04','2017-01-04 18:31:45','2018-01-19 20:25:17'),(219,'CAJA 81:\r\n\r\nPREPAGAS EMSA 2012	SWISS MEDICAL TELEZON\r\n	OSIM-MEDICUS\r\n	OSDE\r\nPREPAGAS  MBI 2012	OSIM-MEDICUS\r\n	OSIM-SWISS MEDICAL\r\n	OSDE\r\n\r\nSERVICIO DOMESTICO 2012 - 2014								SERVICIO DOMESTICO - MILLER RICARDO - ESCOBAR NORMA						   2014\r\nSERVICIO DOMESTICO - ESTEVEZ JORGE FELIX - GONZALEZ BIAGINI ELINA CRISTINA							2014\r\nSERVICIO DOMESTICO - ESTEVEZ JORGE FELIX - PIZARRO GRISELDA ALEJANDRA							2014 - 2013 - 2012\r\nSERVICIO DOMESTICO - ESTEVEZ JORGE FELIX - SANDOVAL QUIROZ PAULA \r\n\r\nCAROLINA							2013 - 2012 \r\nBANCO PROVINCIA - EMSA 2014							\r\nBANCO CREDICOOP - EMSA 2014							\r\nFONDO DE DESEMPLEO - EMSA - 2014\r\n\r\nPREPAGAS MBI-EMSA 2014			\r\nMBI-SWISS MEDICAL 2014		\r\nMBI-MEDICUS 2014		\r\nMBI-OSDE 2014		\r\nEMSA-MEDICUS 2014		\r\nEMSA-SWISS MEDICAL-TELEZON 2014		\r\nEMSA-OSDE 2014		\r\n			\r\n\r\n							\r\n								\r\n\r\n\r\n',8,29,'RHP17010081','BE1','742976','742952','2017-01-05','2017-01-05 14:31:47','2017-03-31 20:14:31'),(220,'CAja 82\r\n\r\nOBRAS 2012	\r\n343 - LA TORTERIA	\r\n	353 - GAR AMPLIACION	\r\n	366 - ARGCI SRIL	\r\n	363 - PERSANO . AMPLIACION	\r\n	370 - CHANGO MAS TARTAGAL - SALTA	\r\n	362 - TECNOPOLIS - STAND\r\n\r\nPOLIZAS ACC. PER. \r\n2009/2012 - DOCUMENTACION DE CHOFERES 2013	POLIZA AP N° 212320 - 17/08/2012 AL 15/11/2012 - GAMON CARLOS AUGUSTO			\r\nPOLIZA AP N° 1251839 - 02/06/2011 AL 02/06/2012 - ESTEVEZ FERNANDO DANIEL			\r\nPOLIZA AP N° 1246960 - 02/03/2011 AL 02/03/2012 - CORDOVA ESTEBAN HORACIO			\r\nPOLIZA AP N° 1250213 - 18/06/2011 AL 18/09/2011 - TASSI - BETHER			\r\nPOLIZA AP N° 1269747 - 02/08/2012 AL 02/08/2013 - MARTINEZ JORGE WALTER 			\r\nPOLIZA AP N° 1248893 - 10/05/2011 AL 10/08/2011 - ESCOBEDO VICTOR			\r\nPOLIZA AP N° 1245531 - 10/11/2010 AL 10/11/2011 - MARTIN SANDOVAL QUIROZ			\r\nPOLIZA AP N° 1238377 - 02/06/2009 AL 02/06/2010 - ESTEVEZ FERNANDO DANIEL			\r\n	DOCUMENTACION CHOFERES EN PLANTA MBI 01/2013 A 03/2013			\r\n	DOCUMENTACION CHOFERES EN PLANTA MBI 04/2013 A 06/2013			\r\n	DOCUMENTACION CHOFERES EN PLANTA MBI 07/2013 A 09/2013			\r\n	DOCUMENTACION CHOFERES EN PLANTA MBI 10/2013 A 12/2013			\r\n\r\n\r\n\r\n\r\n	\r\n',8,29,'RHP17010082','BG1','742972','938106','2017-01-05','2017-01-05 14:39:28','2018-01-19 20:25:48'),(221,'CAJA 83:\r\n\r\nEMSA-MBI SINDICATOS Y SUSS 2012			\r\nEMSA	SUSS - CARGAS SOCIALES (931)		\r\n			\r\nSINDICATO	UOM	UOCRA 	I.E.R.I.C 	FONDO DE DESEMPLEO 	\r\n			\r\nMBI	SUSS - CARGAS SOCIALES (931)		\r\n	SINDICATO	UOM	 ASIMIRA 	\r\nSUSS MBI-EMSA 2014		\r\n		\r\nMBI SUSS PERIODOS	2014 ( ENERO - DIC)\r\n		\r\nEMSA SUSS PERIODOS: 2014 ( ENERO -DIC)\r\n	\r\nSINDICATOS-UOM-ASSIMRA-UOCRA	\r\n	UOM-DEL 2004 AL 2011\r\n	ASSIMRA-DEL 2004 AL 2011\r\n	UOCRA-DEL 2005 AL 2011\r\n		\r\n\r\nPRESUPUESTO 1984 / 1991 (CARPETAS)		\r\n',8,29,'RHP17010083','BE1','742975','742982','2017-01-05','2017-01-05 14:44:33','2017-03-31 20:14:56'),(222,'CAJA 84:\r\nLEGAJOS - BAJAS 2016\r\n\r\nSALAS DAIANA YANEL\r\nVALLINI LAURA\r\nALT SEBASTIAN\r\nMONETA MARIANA\r\nBAIGORRI GUADALUPE\r\nBENITEZ JOAQUIN\r\nPIÑERO ALAN\r\nPALACIOS CAROLINA\r\nMUÑOZ MARTINEZ MARCELA\r\nMANSILLA JOSE LUIS\r\nBRIZZOLARA MARIAANO\r\nTORRES SANTIAGO\r\nRUIZ MANUEL\r\nSOSA CARLOS\r\nMANTEFIORI NELIDA\r\nERCEG MATIAS\r\nDITTLER MARIA DE LOS ANGELES\r\nGUIRAGOSSIAN MICAELA\r\nLAGO MAYORA FACUNDO\r\nMOYANO ROBERTO\r\nDAMELE DEBORA\r\nDAUMA DAIANA\r\nCAPPELLETI GERONIMO\r\nCASCO DEBORA\r\nBERBERE DAVID\r\nMORALES NAHUEL\r\nDARDO GUADIA\r\nJORGE MARTINEZ',8,29,'RHL17010084','BG1','938177','742973','2017-01-05','2017-01-05 15:00:17','2018-01-19 20:17:41'),(223,'Archivos de la Oficina de Secretaría 10/2009.\r\n\r\n(pasillo JE)',9,24,'DIJ17010000','BC3','742017','742370','2017-01-11','2017-01-11 13:54:44','2017-09-29 13:04:35'),(224,'Caja Directorio: VP Comand - Manual Joint Venture // Stock 2004 / Carpeta presentación EMSA / Introducción a VP pack / VP trámites varios.\r\n\r\n(pasillo JE)',9,24,'DIJ17010001','BC2','742012','742013','2017-01-11','2017-01-11 14:58:49','2017-03-31 20:23:29'),(225,'Caja Directorio: Gastos de Representación 2005 / Facturas que ordenaron no pagar 2008 / Facturas 1995 - 1999 / Remito movimiento interno VP del 513 al 516 / TC RM+JE 2005-2004 / Impuestos Abril 2000 a 2004 / Reportes Fax 2009 - 2010.\r\n(pasillo JE)',9,24,'DIJ17010002','BC3','742015','742018','2017-01-11','2017-01-11 15:10:21','2017-03-31 20:23:44'),(226,'Caja Directorio: Garantía de máquinas / Tarjetas fin de año 1998 / Fundación Graraham / Listados TEL. VP / Servicios ofrecidos, cursos / Tarjetas Master resumen 92-96 / Nómina proveedores 97 / Informe contactos Zona Franca / Cuentas y datos de proveedores 2002 / Nota poder ejecutivo por censo vivienda 2001 / Notas VP / Informe Work Center VP 1998 / Cuaderno llamadas Internacionales / Nota VP a movicom 1997 / Lectura medidor VP 1998 / Pasajes VP 1997 / Cursos a VP / Folletería estancia Juan Jerónimo, Salto Grande, Hotel Sheraton / Publicidad recortes diarios 95-97 / Cooperativa Agrupar.\r\n(pasillo JE)',9,24,'DIJ17010003','BB1','742055','742022','2017-01-11','2017-01-11 15:23:25','2017-03-31 20:23:54'),(227,'Obra Nº 369: Walmart Mendoza\r\nObra Nº 370: Walmart Tartagal\r\nObra Nº 371: Walmart C. Judicial\r\n\r\n(pasillo JE)\r\n\r\n',9,24,'DIR17010004','BC3','742001','742089','2017-01-11','2017-01-11 15:55:53','2017-03-31 20:24:02'),(228,'Obra Nº 373: COARCO S.A. Terminal Mar del Plata\r\nFolletos varios\r\n\r\n(pasillo JE)',9,24,'DIJ17010005','BD2','742020','742011','2017-01-11','2017-01-11 16:08:55','2017-03-31 20:24:09'),(230,'El Calafate: Plano Municipal Aprobado Original\r\nHotel El Calafate: Plano Aprobado Municipal, Folletos, Carta intención firmada\r\nEl Calafate: Cálculo Estructura\r\nEl Calafate: Proyecto\r\n\r\n(pasillo JE)',9,24,'DIJ17010006','BC1','742016','742333','2017-01-11','2017-01-11 17:22:56','2017-11-23 13:20:45'),(231,'Obra Nº 334: Estudiantes\r\nObra Nº 354: Lomas del Sol (Oliver) Ampliación\r\nObra Nº 362: Tecnopolis\r\nObra Nº 382: Cresta Roja /Cresta Roja 2012\r\nObra Nº 386: Vital Bahía Blanca\r\nObra Nº 387: Budeguer\r\nObra Nº 391: Chango Más Chimbas\r\n\r\n(pasillo JE)',9,24,'DIJ17010007','BD3','742392','742008','2017-01-11','2017-01-11 18:02:44','2017-09-29 13:06:58'),(232,'UPA Avellaneda\r\nUPA Lanús\r\nObra Nº 385: UPA Longchamps\r\nObra Nº 132: A.G. Pruden\r\nProyecto Nuevo La Serenísima - Centro Distribución - Pluslog.\r\n\r\n(pasillo JE)',9,24,'DIJ17010008','BC1','938251','742006','2017-01-11','2017-01-11 18:30:51','2018-01-05 18:35:35'),(233,'-Vital La Plata\r\n-Contratistas de Obra\r\n-Ministerio de Educación\r\n-Obra Nº 341: Citromax\r\n\r\n(pasillo JE)',9,24,'DIJ17010009','BD1','742019','742009','2017-01-11','2017-01-11 18:45:07','2017-03-31 20:27:08'),(234,'-Tarjetas Crédito 2007, 2008, 2009, 2010.\r\n\r\n(pasillo JE)',9,23,'DIR17010010','BA3','742095','742092','2017-01-11','2017-01-11 20:12:21','2017-03-31 20:27:29'),(235,'-Tarjetas Crédito 2009 (JE), 2011\r\n-FAX\r\n-Impuestos RM Prestare SRL.\r\n(pasillo JE)',9,23,'DIR17010011','BC3','742047','742100','2017-01-11','2017-01-11 20:21:54','2017-03-31 20:27:44'),(236,'-Tarjetas Crédito RM/JE (2010).\r\n-RM: José López / Carabelas / Mar de Ajó / Colegio / Rey Propiedades (2008/2009)\r\n\r\n(mueble cocina)',9,23,'DIR17010012','BD3','742024','742034','2017-01-13','2017-01-13 17:50:06','2017-03-31 20:27:53'),(237,'-DVD, CD varios.\r\n-Correo Año 2000.\r\n-Carpeta \"Sistema de impermeabilización\"\r\n-Vital Quilmes MVP 2004.\r\n-Neuquén MVP 2004\r\n-Libro ZIP-RIB RICSA /VP SSR \"ERECTION GUIDE\"\r\n-TECNO-IBERICA (PLAN DE PAGOS 1999)\r\n\r\n(mueble cocina)',9,24,'DIJ17010013','BD3','742036','742056','2017-01-13','2017-01-13 17:59:13','2017-03-31 20:28:01'),(238,'-EM DIV QUIM (DG1)\r\n-CONTRATOS MILLER VP SA.\r\n-EM DIVISIÓN QUÍMICA S.A.\r\n-Elementos de Suguridad: DC copias 2010 / Fax 2008/2009 /Remito 1101-1150 Directorio 2008\r\n-Loop Control. \r\n-Planos Chapa SSR.\r\n-SSR/PR/Sleen/Purlim.\r\n-Especificaciones Téc. particulares \r\n(mueble cocina)',9,24,'DIJ17010014','BB2','742029','742050','2017-01-13','2017-01-13 18:06:45','2017-03-31 20:28:09'),(239,'-Tarjetas Crédito JE 2012, 2013, 2014.\r\n-JE: Sevicios Fincas de Iraola y Pringles: 2008 a 2014.\r\n-Notas varias 1991, 1993.\r\n\r\n(mueble cocina)',9,23,'DIJ17010015','BD2','742046','742057','2017-01-13','2017-01-13 18:21:52','2017-03-31 20:28:17'),(240,'-ANAC.\r\n-Varios, notas, proveedores, fax.\r\n-Sullair 1997.\r\n\r\n(mueble cocina)',9,24,'DIJ17010016','BB3','742052','742031','2017-01-13','2017-01-13 18:31:25','2017-03-31 20:28:25'),(241,'-Copias VP.\r\n-Notas varias.\r\n-Di Nobile.\r\n\r\n(caja grande mueble cocina)',9,24,'DIJ17010017','BB3','742037','742025','2017-01-13','2017-01-13 18:46:27','2017-03-31 20:28:33'),(242,'-Pedidos a CYPER 1994.\r\n-Hojas sueltas varias.\r\n-Correspondencia con EEUU. VARCO PRUDEN año 1998.\r\n-Supermercado Regional 2014, 2015, 2016.\r\n-Tarjetas RM: Diners, Amex año 2014.\r\n\r\n(caja grande mueble cocina)',9,24,'DIJ17010018','BB2','742032','742026','2017-01-13','2017-01-13 18:54:29','2017-03-31 20:28:40'),(243,'-Tarjetas Corporativas 2013, 2014.\r\n-Tarjetas personales RM 2014.\r\n\r\n(mueble cocina)',9,23,'DIR17010019','BD3','742048','742039','2017-01-13','2017-01-13 19:00:22','2017-03-31 20:28:48'),(244,'-Folletería en general.\r\n-Requisitos EMSA año 1994.\r\n-Solicitudes de materiales año 1995.\r\n-VP, hojas memebrete, folletos.\r\n\r\n(caja grande mueble cocina)\r\n',9,24,'DIJ17010020','BD2','742014','742098','2017-01-13','2017-01-13 19:43:35','2017-03-31 20:28:57'),(245,'-Folletos Tornillos autoperforantes Fastener.\r\n-Folletos Varco Pruden.\r\n-Manual de Montaje VP.\r\n-Carpeta Resolite.\r\n-Certificados Estanislao Miller, pago sociedad 1960.\r\n-Corporación Hotelera.\r\n\r\n(pasillo JE)',9,24,'DIJ17010021','BB3','742021','742080','2017-01-13','2017-01-13 20:07:35','2017-03-31 20:29:20'),(246,'-VP: Bienes de uso 1998.\r\n-Carpeta VP.\r\n-Notas de pedido SIDERAR 1997/1998... \r\n-Adicionales Royal Housing 2008.\r\n-Pronóstico de Obra año 2010.\r\n-Notas de pedido Pluslog año 2008. Diario Pluslog.\r\n-Cassette Walt Disney.\r\n\r\n(pasillo JE)',9,24,'DIJ17010022','BB3','742033','742049','2017-01-13','2017-01-13 20:20:26','2017-03-31 20:29:28'),(247,'Obra Nº 152: COTO Rosario - Talleres (pared Oficina JE)',9,24,'DIJ17010023','BB2','742093','742059','2017-01-18','2017-01-18 14:25:01','2017-03-31 20:29:35'),(248,'(pasillo JE)\r\n-Obra Nº 302: COTO Malvinas Argentinas / Coto Suc. 68 Las Lomas /\r\n\r\n(pared Oficina JE)\r\n-Obra Nº 404: COTO Isidro Casanova /\r\n-Obra Nº 417: COTO Spineto /\r\n-Obra Nº 446: COTO Tristán Suárez /\r\n\r\n',9,24,'DIJ17010024','BB2','742081','742078','2017-01-18','2017-01-18 15:28:07','2017-03-31 20:29:43'),(249,'-COTO Centro de Distribución, CONTRATO /\r\n-COTO Centro de Distribución, ASILACIÓN Y MEMBRANAS /\r\n\r\n(pared Oficina JE)',9,24,'DIJ17010025','BD2','742086','742090','2017-01-18','2017-01-18 15:38:38','2017-03-31 20:29:50'),(250,'-Licitación COTO Santa Fe (Documentación Comercial / Información Técnica): (pasillo JE) //\r\n-OBRA Nº 324: ALMAR, Centro de Distribución (Berce - La Tortería) / GRUPO ALMAR (pared Oficina JE)',9,24,'DIJ17010026','BD3','742088','742076','2017-01-18','2017-01-18 16:03:37','2017-03-31 20:29:58'),(251,'-OBRA Nº 421: ARCOR / OBRA Nº 422: CETEC / (pared Oficina JE) /\r\n-OBRA Nº 426: Molinos Cañuelas (pasillo JE)',9,24,'DIJ17010027','BB1','742079','742087','2017-01-18','2017-01-18 18:29:36','2017-03-31 20:30:05'),(252,'-OBRA Nº 414: Tawara / -OBRA Nº 415: Nave Maglioni, Tucumán / -OBRA Nº 416: UPP / -OBRA Nº 419: Center Box / -OBRA Nº 428: Siner SA / -OBRA Nº 431: Consorcio Puerto La Plata / -OBRA Nº 434: Nave Castillo Tucumán / -OBRA Nº 439: Ecopunto Ezeiza / -OBRA Nº 439: TVG / -OBRA Nº 443: San Cristóbal-AJIS / -OBRA Nº 449: Plataformas de AºAº COTO Madariaga /-OBRA N°453: Industrias Químicas DEM S.A. /  -OBRA Nº 477: Cetrogar / -OBRA Nº 399: Miralagos / ',9,24,'DIJ17010028','BB2','742091','742368','2017-01-18','2017-01-18 19:25:27','2017-09-29 13:32:59'),(253,'(pared Oficina JE)\r\n\r\n-OBRA Nº 405: Mendez Collado / -OBRA Nº 393: Salta Refrescos / -OBRA Nº 389: Sodimac / -OBRA Nº 203: ADE A / ',9,24,'DIJ17010029','BB3','742084','742360','2017-01-19','2017-01-19 17:22:44','2017-09-29 13:31:51'),(254,'(pasillo Oficina JE)\r\n-OBRA Nº 312: Logistech /\r\n\r\n(pasillo JE)\r\n-CV / -Aerolíneas Argentinas Magazine / -Folletos de MBI, Folletos de la Competencia/\r\n-OBRA Nº 304: Hospital de Ezeiza /\r\n-Milgas S.A.',9,24,'DIJ17010030','BA2','742301','742094','2017-01-19','2017-01-19 17:52:52','2017-09-29 13:30:26'),(255,'(pared Oficina JE)\r\n\r\n-Contactos Nacionales / -Contactos Internacionales /\r\n\r\n(pasillo JE)\r\n\r\n- Comercio Exterior / Plasma Name: Burn Table #13509-12 / -Correspondencia Ingeniería 1998 / -Adhesiones EMSA, MILGAS, MVP / -Montajes Industriales',9,24,'DIJ17010031','BA2','742064','742082','2017-01-19','2017-01-19 18:26:32','2017-03-31 20:31:33'),(256,'(ventana Oficina JE)\r\n\r\n-Obra Nº 451: UPA Lezama / -Obra Nº 488: UPA Punta Mogotes / -Obra Nº 500: UPA Berazategui / -Obra Nº 501: UPA F. Varela / -Obra Nº 502: UPA 3 de Febrero / -Obra Nº 503: UPA Moreno / -Obra Nº 504: UPA José C. Paz / -Obra Nº 505: UPA Hurlingham / ',9,24,'DIJ17010032','BC3','742063','742391','2017-01-19','2017-01-19 20:57:26','2017-09-29 13:20:40'),(257,'(ventana estacionamiento JE)\r\n\r\n-Obra Nº 413: Gimnasio La Ñata / -La Ñata-Futsal / -La Ñata-Spa / Tribunas La Ñata / -Obra Nº 444: La Ñata Boxing',9,24,'DIJ17010033','BA3','742054','742341','2017-01-20','2017-01-20 14:48:09','2017-09-29 13:34:59'),(258,'(Oficina JE)\r\n\r\n-Obra Nº 129: Vital Tronador / -Obra Nº 335: Coto Reparaciones / -Obra Nº 273: Makro Corrientes / -Plataformas Vital La Plata, Vital Pilar / -Parque Industrial en Gral. Rodriguez / -Cecilia Bibiloni (FNB) / -Centro Logístico Benavidez Claro / -UNSAM Estudio de Producciones Audiovisuales / -Obra Nº 539: Alero, Vital Moreno / Obra Nº 550: Salazar Wilchelm (reparaciones) /',9,24,'DIJ17010034','BC2','742218','742230','2017-01-20','2017-01-20 16:03:29','2017-03-31 20:32:18'),(259,'(Oficina JE)\r\n-Obra Nº 411: Maxiconsumo Mendoza / -Obra Nº 490: Maxiconsumo Olavarría / -Obra Nº 495: Maxiconsumo Bragado / -Obra Nº 506: Maxiconsumo Moreno / -Maxiconsumo General Roca / -Maxiconsumo San Rafael /',9,24,'DIJ17010035','BC2','742263','742327','2017-01-20','2017-01-20 18:44:03','2017-09-29 13:33:45'),(260,'(Oficina JE)\r\n\r\n-Obra Nº 532: Eladio González / -Maxiconsumo Rep. Olavarría / -Obra Nº 500: Inergy / -Obra Nº 493: Nestlé / -Obra Nº 492: Ewar / -Obra Nº 491: Sanchez Noya / -Obra Nº 437: Poras Logística, Amp. Nave / -Obra Nº 426: Molino Cañuelas / -Obra Nº 455: Genrod / -Obra Nº 482: Vital La Plata / -Obra Nº 528: Sodimac Falabella / -Obra Nº 522: Madariaga / -Obra Nº 523: Tienda León /',9,24,'DIJ17010036','BC2','742045','742302','2017-01-20','2017-01-20 19:43:07','2017-09-29 13:24:40'),(261,'(Oficina JE)\r\n\r\n-Obra Nº 521: Pinturerías Rex / -Obra Nº 540: Carto Cor Arcor / -Obra Nº 545: Alltradeusa S.A. / -Obra Nº 543: Cervecería Quilmes /',9,24,'DIJ17010037','BC2','742069','742330','2017-01-20','2017-01-20 19:53:55','2017-09-29 13:14:47'),(262,'(Oficina JE)\r\n-Obra Nº 507: Coto Acassuso / -Obra Nº 508: Coto Paraná Suc 109 / -Obra Nº 512: COMA S.A. / -Obra Nº 516: Olmos / -Obra Nº 518: CEAMSE / -Obra Nº 519: Emprendimiento 2010 / -Obra Nº 479: Vital Suc. Pilar (Amp. Depósito) / -Obra Nº 476: Acorazado / -Obra Nº 472: Tawara Toyota Vuteq / -Obra Nº 471: Tawara / -Obra Nº 470: Del Plata Building / -Obra Nº 466: Logística de Argentina S.A. / -Obra Nº 465: Coto Pompeya / -Obra Nº 468: Vucetich / -Obra Nº 467: Saint Gobain / -Obra Nº 435: Yaguar Santa Fe / -Obra Nº 448: Miralagos SPA / ',9,24,'DIJ17010038','BA3','742226','742328','2017-01-20','2017-01-20 21:09:13','2017-09-29 13:32:29'),(263,'(Oficina JE)\r\n-Obra Nº 450: Loft Gonnet / -Obra Nº 460: Works Group / -Obra Nº 462: Granja La Escalada / -Obra Nº 442: Toyota / -Obra Nº 459: Coto Highland / \r\n(pasillo JE)\r\n-Rock and Dirt / -Carpetas de presentación de la empresa / -Publicaciones varias /',9,24,'DIJ17010039','BD1','742359','742238','2017-01-20','2017-01-20 21:26:27','2017-09-29 13:29:04'),(266,'(pasillo JE)\r\n\r\n-Viaje Brasil, 11-03-2008 / -Viaje Guatemala, Centro América 14 al 21-04-2007 / -Detallistas de Estructuras en Chile / -Product Reference Sheets - Guides & Manuals, Boletín Oficial Comercio Exterior. China 2006 / -Viaje a Libia, Octubre 2009. Carlos Venturini /',9,24,'DIJ17010040','BA2','742208','742224','2017-01-24','2017-01-24 20:17:42','2017-03-31 20:33:26'),(267,'(pasillo JE)\r\n\r\n-Misión Comercial a Oriente 01-2013: Dubai, Emiratos Árabes, Unidos, Yakarta, , Indonesia, Ha Noi, Vietnam / -Misión Comercial a La India, Año 2009 / -Misión Comercial Multisectorial Santiago - Chile del 11 al 14 de Mayo de 2010 / -Misión Comercial a Magreb 2008 /',9,24,'DIJ17010041','BA2','742210','742207','2017-01-24','2017-01-24 20:59:36','2017-03-31 20:33:35'),(268,'(pasillo JE)\r\n-Folletos de: Argentina, Brasil / -Folletos de: Alemania, Barcelona / -Videos y CDS de : Alemania y Barcelona / ',9,24,'DIJ17010042','BC2','742068','742229','2017-01-24','2017-01-24 21:27:55','2017-03-31 20:33:44'),(269,'(oficina JE)\r\n\r\n-Obra Nº 425: Tecnopolis, Secretaría Presidencia de La Nación / ',9,24,'DIJ17010043','BD2','742367','742060','2017-01-25','2017-01-25 13:24:25','2017-09-29 13:13:20'),(270,'(oficina JE)\r\n\r\n-Tecnopolis 2014 / -Folletos y Revistas / -Obra Nº 549: El Indio (reparaciones) / -Obra Nº 537: Cresko S.A. / -Obra Nº 558: Estancias de Patagonia / -Obra Nº 388: Compañía Inversora Tucumán / -Obra Nº 433: Vital Pilar / ',9,24,'DIJ17010044','BA3','742061','742053','2017-01-25','2017-01-25 13:44:43','2017-03-31 20:34:08'),(271,'(oficina JE)\r\n\r\n-Obra Nº 458: Andenes Villa Luro / -Obra Nº 463: Q-Box / -Obra Nº 469: AUBASA / -Obra Nº 486: El Indio / -Obra Nº 494: Converflex Villa Totoral (Arcor)',9,24,'DIJ17010045','BA2','742362','742101','2017-01-25','2017-01-25 15:09:13','2017-09-29 13:11:01'),(272,'(pasillo JE)\r\n\r\n-Estructuras Metálicas 1985 / -Stock 2011-2014 / -AISC / -Obra Nº 338: Municipalidad Ezeiza, Galpón Automotor / -Obra Nº 315: Crestiba S.A. / -Obra Nº 217: Petropack, Nave 41x41 / ',9,24,'DIJ17010046','BD1','742347','742062','2017-01-25','2017-01-25 17:28:06','2017-09-29 13:26:59'),(273,'(pasillo JE)\r\n\r\n-Stock 2013 / -Stock 2010 / -Stock 2008 / ',9,24,'DIJ17010047','BD2','742071','742085','2017-01-25','2017-01-25 17:39:50','2017-03-31 20:34:30'),(274,'(pasillo JE)\r\n\r\n-T-TAMGO / -Obra Nº 097: T-TAMGO / -Obra Nº 319: T-TAMGO /',9,24,'DIJ17010048','BB1','742035','742038','2017-01-25','2017-01-25 18:09:50','2017-03-31 20:34:38'),(275,'(oficina JE)\r\n\r\n-Tecnopolis 1 Año 2011 / -Tecnopolis 2 Año 2012 / -Obra Nº 375: Secretaría 3 Nave 15x35 /',9,24,'DIJ17010049','BA3','742340','742043','2017-01-25','2017-01-25 18:16:05','2017-09-29 13:08:55'),(276,'(pasillo JE)\r\n\r\n-FORD, depósito logístico / -WALMART Formosa / -Obra Nº 216: Cetrogar / -Correas Triangulares ALTSHULER / ',9,24,'DIJ17010050','BA3','742072','742074','2017-01-25','2017-01-25 18:21:00','2017-03-31 20:35:02'),(277,'-Obra Nº 198: Copetro / -Obra Nº 529: EMSA, Mar del Plata: Casa Diego Juárez / -Obra Nº 265: Pluslog / -',9,24,'DIJ17010051','BA2','742338','742040','2017-01-25','2017-01-25 19:04:43','2017-11-10 12:36:26'),(278,'BORRADORES DE LIQUIDACION 2016\r\n\r\n (DE ENERO A NOVIEMBRE)',8,30,'RHP17020084','BC1/BIS','938178','938179','2017-02-02','2017-02-02 13:24:47','2018-01-19 20:17:05'),(279,'-Revistas Maquinarias // -Importación de Máquinas //',9,24,'DIJ17020052','BH3','742198','742197','2017-02-02','2017-02-02 13:32:57','2017-03-31 20:45:58'),(280,'-CIRSOC 1982-1994 / -CIRSOC 1996-2003 / -SIDERAR / -Ampliación Tucumán, Proy.: 3 y 4 Naves.',9,24,'DIJ17020053','BF3','742099','742065','2017-02-02','2017-02-02 14:21:57','2017-03-31 20:46:08'),(281,'-Mercado Central, 0326, Proas Logísticas // -LOGISTECH // Muestras Ganchos Mercado Central.',9,24,'DIJ17020054','BH2','742123','742194','2017-02-02','2017-02-02 14:57:48','2017-03-31 20:46:15'),(282,'-Habilitaciones Municipales: C. Rivadavia; Zeballos / -Obra Nº 307: Lomas del Sol / -MARBY / -Pedidos a Siderar 2009 / -Citromax / -ALMAR, La Tortería.',9,24,'DIJ17020055','BH2','742181','742200','2017-02-02','2017-02-02 15:42:10','2017-04-26 15:20:09'),(283,'-LPL: Walmart Salta Ciudad Judicial / -Walmart Malvinas / -Walmart La Pampa / -CV, Avisos: Tucumán y Salta.',9,24,'DIJ17020056','CG2','742196','742199','2017-02-02','2017-02-02 15:50:54','2017-03-31 20:46:29'),(284,'-Licitación Pública Nº 39/2011 / -Licitación Pública Nº 51/2011 / -Licitación Pública 24/2011 / -Obra Prototipo UPA.',9,24,'DIJ17020057','BH1','742170','742192','2017-02-02','2017-02-02 15:59:25','2017-03-31 20:46:41'),(285,'-Coto Ezeiza / -Obra Nº 226: Coto Suc. 68 / -Municipalidad de Ezeiza / ',9,24,'DIJ17020058','BF1','742083','742041','2017-02-02','2017-02-02 16:07:33','2017-03-31 20:47:01'),(286,'-Coordinación de Obras 2009 / -Control de Producción 319 TTamgo Rep. 325 Petropack / -Estructuras Metálicas Aeropuertos Argentina 2000 / -Coarco Pepsico.',9,24,'DIJ17020059','BF2','742182','742122','2017-02-02','2017-02-02 16:11:30','2017-03-31 20:47:08'),(287,'0516-Upa Olmos\r\n0494-Arcor\r\n0493-Nestle\r\n0414-Tawara',3,9,'OTO17020000','BC1','742852','742130','2017-02-16','2017-02-16 20:05:37','2017-03-31 18:58:32'),(288,'009-Coto CD',3,9,'OTO17020001','BF3','742813','742810','2017-02-16','2017-02-16 20:18:57','2017-03-31 18:58:40'),(289,'009-Coto CD',3,9,'OTO17020002','CE2','742812','742849','2017-02-16','2017-02-16 20:20:05','2017-03-31 18:58:48'),(290,'0426-Molinos Cañuelas',3,9,'OTO17020003','BH2','742859','742889','2017-02-16','2017-02-16 20:21:34','2017-03-31 18:59:28'),(291,'0442-Tawara\r\n0530-Budeguer',3,9,'OTO17020004','BB1','742803','742860','2017-02-16','2017-02-16 20:23:09','2017-03-31 18:59:40'),(292,'0460-Works Group\r\n0437-Proas Logistica\r\n0356-Emsa (Budeguer)\r\n0172-Bocanera\r\n0157-Impeler',3,9,'OTO17020005','BB1','742227','742900','2017-07-26','2017-02-16 20:25:23','2017-07-26 15:15:50'),(293,'0475-Coarco',3,9,'OTO17020006','BH2','742894','742893','2017-02-16','2017-02-16 20:29:01','2017-03-31 19:00:01'),(294,'0434-Castillo\r\n0523-Manuel Tienda Leon\r\n0380-El Atamisque\r\n0447-El Atamisque Ampliacion',3,9,'OTO17020007','AC1','742815','742809','2017-02-16','2017-02-16 20:49:17','2017-03-31 19:00:15'),(295,'0265-Pluslog\r\n0286-Junta Electoral\r\n0206-Cedam\r\n0217-Petropack\r\n0327-N y J Asociados (Salta Refrescos-Coca Cola)\r\n0342-N y J Asociados (Salta Refrescos-Coca Cola)',3,9,'OTO17020008','AH3','742802','742814','2017-02-16','2017-02-16 20:53:00','2017-03-31 19:00:27'),(296,'0015-Procter & Gamble',3,9,'OTO17020009','AC2','742834','742821','2017-02-16','2017-02-16 20:54:18','2017-03-31 19:00:40'),(297,'0458-Solanas (Anden Villa Luro)\r\n0404-Coto Isidro Casanova\r\n0453-Dem SA\r\n0450-Loft City Bell\r\n0452-Estacion de tren (Modelo)',3,9,'OTO17020010','CG3','742840','742822','2017-02-16','2017-02-16 20:56:06','2017-03-31 19:00:54'),(298,'0463-Qbox\r\n0477-Cetrogar',3,9,'OTO17020011','CG3','742807','742862','2017-02-16','2017-02-16 20:56:53','2017-03-31 19:01:30'),(299,'0465-Coto Pompeya\r\n0466-Logistica de Argentina\r\n0469-AUbasa\r\n0476-Acorazado\r\n0478-Kartonsec\r\n0482-Vital La Plata\r\n0491-Sanchez Noya\r\n0492-Ewar\r\n0492-Maxiconsumo Bragado\r\n0469-Inergy\r\n',3,9,'OTO17020012','AF1','742801','742804','2017-02-16','2017-02-16 20:58:58','2017-03-31 19:01:42'),(300,'0540-Cartocor\r\n0486-El Indio\r\n0451-Upa Lezama',3,9,'OTO17020013','CG1','742808','742826','2017-02-16','2017-02-16 21:00:37','2017-03-31 19:01:53'),(301,'0435-Yaguar Santa Fe\r\n0480-La Ñata Futsal\r\n0498-Emsa ( Dr. kae)\r\n0115-Siner',3,9,'OTO17020014','CG1','742845','742841','2017-02-16','2017-02-16 21:01:53','2017-03-31 19:02:00'),(302,'0386-Maycar\r\n0236-Yaguar Salta',3,9,'OTO17020015','BH3','742820','742842','2017-02-17','2017-02-17 13:15:30','2017-03-31 19:02:10'),(303,'0214-Expreso Rivadavia',3,9,'OTO17020016','BH1','742875','742864','2017-02-17','2017-02-17 13:16:38','2017-03-31 19:02:29'),(304,'0257-Transportes Gonzales\r\n0239-Tawara\r\n0420-Sanitarios (La Ñata)\r\n0413-Gimnasio (La Ñata)\r\n',3,9,'OTO17020017','BH2','742105','742865','2017-02-17','2017-02-17 13:21:59','2017-03-31 19:02:36'),(305,'0044-Macrosa',3,9,'OTO17020018','BF2','742856','742868','2017-02-17','2017-02-17 13:22:51','2017-03-31 19:02:45'),(306,'0467-Saint Gobain\r\n0501-Upa Fcio. Varela',3,9,'OTO17020019','CG3','742835','742870','2017-02-17','2017-02-17 14:22:55','2017-03-31 19:02:57'),(307,'0462-Granja La Escalada\r\n0471-Tawara\r\n0548-Kameway SA\r\n0500-Upa Berazategui\r\n0537-Cresko',3,9,'OTO17020020','CH1','742219','742279','2017-04-21','2017-02-17 14:25:48','2017-05-05 15:19:03'),(308,'0449-Coto Madariaga\r\n0488-Upa Punata Mogotes\r\n0526-Expreso Rivadavia\r\n0528-Sodimac\r\n0432-Upa Hornos\r\n0411-Maxoconsumo Mendoza\r\n0520-Upa La Matanza\r\n0519-Emprendimientos 2010',3,9,'OTO17020021','BF1','742895','742879','2017-02-17','2017-02-17 14:28:42','2017-03-31 19:03:49'),(309,'0258-Sodimac',3,9,'OTO17020022','CG2','742825','742824','2017-02-17','2017-02-17 15:43:36','2017-03-31 19:03:57'),(310,'0393-Salta Refrescos\r\n0505-Upa Hurlimgham\r\n0258-Sodimac',3,9,'OTO17020023','CE3','742823','742806','2017-02-17','2017-02-17 15:46:35','2017-03-31 19:04:07'),(311,'0399-Miralagos\r\n0475-Coarco\r\n0133-Maxiconsumo Bragado',3,9,'OTO17020024','BF2','742858','742829','2017-02-17','2017-02-17 15:47:34','2017-03-31 19:04:15'),(312,'0210-Coto Madariaga',3,9,'OTO17020025','CG3','742866','742861','2017-02-17','2017-02-17 16:01:12','2017-03-31 19:04:24'),(313,'0103-Vital Marquez',3,9,'OTO17020026','BF2','742863','742887','2017-02-17','2017-02-17 17:05:50','2017-03-31 19:04:32'),(314,'009-Coto CD',3,9,'OTO17020027','BF1','742853','742851','2017-02-17','2017-02-17 17:08:27','2017-03-31 19:04:45'),(315,'0391-Chango Mas Chimbas San Juan\r\n0210-Coto Madariaga\r\n0351-Coto Cd\r\n',3,9,'OTO17020028','BH2','742891','742848','2017-02-17','2017-02-17 17:23:29','2017-03-31 19:04:52'),(316,'0113-Vital Moreno',3,9,'OTO17020029','BH1','742837','742817','2017-02-17','2017-02-17 17:34:05','2017-03-31 19:05:01'),(317,'0142-El Indio',3,9,'OTO17020030','BH1','742818','742827','2017-02-17','2017-02-17 17:38:38','2017-03-31 19:05:14'),(318,'0147-Vital Posadas',3,9,'OTO17020031','CG2','742896','742819','2017-02-17','2017-02-17 18:18:07','2017-03-31 19:05:57'),(319,'0384-UPP\r\n0382-Rasic\r\n0428-Siner\r\n0365-J y C Morrison (Transporte)\r\n0363-Persona Ampliacion\r\n0512-Coma (Saint Gobain)\r\n0394-Maxiconsumo Moreno Reparacion\r\n0549-El Indio reparacion\r\n0374-Maglioni\r\n0405-Mendez Collado',3,9,'OTO17020032','BH3','742838','742831','2017-02-17','2017-02-17 18:56:38','2017-03-31 19:06:14'),(320,'0296-Construcciones civiles Diaz Villa\r\n0421-Arcor\r\n0532-Eladio Gonzales\r\n0439-Municipalidad de Ezeiza\r\n0393-Salta Refrescos\r\n0539-Vital Moreno Alero\r\n0487-Guisani\r\n0448-Miralagos cubiertas spa\r\n0314-Marcelo oliver Salta Refrescos\r\n0119-Tecnipisos',3,9,'OTO17020033','CG2','742846','742839','2017-02-17','2017-02-17 19:19:19','2017-03-31 19:06:30'),(321,'0371-Chango Mas Ciudad Judicial Salta\r\n0527-Pergola Casa Foa\r\n0443-Ajis\r\n0412-Abril Ricardo miller\r\n0349-TVG (Alero)\r\n0431-Consorcio De Gestion Puerto La Plata\r\n0370-Chango Mas Tartagal Salta\r\n0373-Coarco Terminal de Crucero MDQ',3,9,'OTO17020034','BF1','742880','742872','2017-02-17','2017-02-17 20:10:24','2017-03-31 19:06:40'),(322,'0474-Acuario\r\n0419-Centerbox\r\n0508-Coto Retechado\r\n0506-Maxiconsumo\r\n0440-UPP\r\n0388-CIA\r\n0533-CIA Ampliacion',3,9,'OTO17020035','BH3','742832','742844','2017-02-20','2017-02-20 14:52:47','2017-03-31 19:06:50'),(323,'0433-Vital Pilar',3,9,'OTO17020036','BH1','742828','742843','2017-02-20','2017-02-20 14:53:51','2017-03-31 19:06:57'),(324,'0514-Upa Quilmes\r\n0513-Upa Mar del Plata\r\n0502-Upa 3 de Febrero\r\n0503-Upa Moreno\r\n0518-Ceamse',3,9,'OTO17020037','CG2','742245','742888','2017-07-26','2017-02-20 14:55:20','2017-07-26 15:14:47'),(325,'0359-Oreste Durante Arsat',3,9,'OTO17020038','CG3','742830','742898','2017-02-20','2017-02-20 14:56:27','2017-03-31 19:07:49'),(326,'0333-Coto Cd canaleta\r\n0233-Coto CD zingueria\r\n0240-Coto CD reparacion\r\n0507-Coto Acassuso\r\n0154-Coto CD Perecedero\r\n0459-Coto Highland\r\n0186-Coto Tristan Suarez\r\n0418-Coto CD reparacion\r\n0430-Coto Temperles Reparacion\r\n0499-Coto CD\r\n0484-Coto CD\r\n0417-Coto Spineto\r\n0443-Coto Tristan Suarez',3,9,'OTO17020039','CE2','742884','742885','2017-02-20','2017-02-20 14:59:47','2017-03-31 19:07:57'),(327,'0556-Vital Avellaneda\r\n0386-Maycar Vital Bahia Blanca\r\n0389-Falabella Sodimac Cordoba\r\n0357-Gar SA Ampliacion\r\n0387-Budeguer\r\n0422-Cetec SA\r\n0184-La Sevillanita',3,9,'OTO17020040','CE3','742886','742897','2017-02-20','2017-02-20 15:01:45','2017-03-31 19:08:15'),(328,'0390-Pluslog\r\n0396-Transporte JDG SA\r\n0265-Pluslog\r\n0372-EMSA Control Union\r\n0466-Logistica de Argentina\r\n0310-Genrod',3,9,'OTO17020041','CE1','742294','742882','2017-02-20','2017-02-20 15:35:17','2017-09-12 15:27:51'),(329,'0521-Pinturerias Rex',3,9,'OTO17020042','BF1','742883','742890','2017-02-20','2017-02-20 15:53:45','2017-03-31 19:08:51'),(330,'0441-Coarco Sa Pepsico\r\n0341-Citromax\r\n0348-Estancias de patagonia\r\n0385-Upa Almirante Brown\r\n0276-Tawara Construcciones Faurecia',3,9,'OTO17020043','CE3','742881','742899','2017-02-20','2017-02-20 16:27:34','2017-03-31 19:11:07'),(331,'0359-Oreste Durante Arsat\r\n0347-Confecor\r\n0205-Roca\r\n0340-Casa Nordelta\r\n0368-Maxiconsumo Monte Grande\r\n0470-Del Plata Building Molinos Cañuelas\r\n0346-Laroz Mobilar',3,9,'OTO17020044','CE3','742216','742239','2017-02-20','2017-02-20 18:47:03','2017-03-31 19:11:15'),(332,'0455-Genrod\r\n0326-Proas Logistica\r\n0238-Ingeco',3,9,'OTO17020045','CE1','742876','742867','2017-02-20','2017-02-20 18:48:12','2017-03-31 19:11:23'),(333,'009-Coto CD memoria de calculo-varios',3,9,'OTO17020046','BH3','742850','742871','2017-02-20','2017-02-20 18:49:27','2017-03-31 19:12:30'),(334,'0211-IBM\r\n0142-El Indio',3,9,'OTO17020047','BF1','742836','742877','2017-02-20','2017-02-20 18:51:36','2017-03-31 19:12:39'),(335,'0425-Secretaria Presidencia de la Nacion Tecnopolis',3,9,'OTO17020048','CG2','742805','742857','2017-02-20','2017-02-20 19:15:14','2017-03-31 19:12:48'),(336,'0425-Secretaria Presidencia de la Nacion Tecnopolis\r\n0436-Secretaria Presidencia de la Nacion Estructura Iluminacion',3,9,'OTO17020049','CE2','742215','742203','2017-02-20','2017-02-20 19:18:23','2017-03-31 19:12:59'),(337,'0433 vital pilar\r\n0479 vital pilar ampliacion\r\n0386 Maycar sa',3,9,'OTO17020050','BF3','742235','742211','2017-02-20','2017-02-20 19:27:01','2017-03-31 19:13:35'),(338,'0285-Cepas gancia\r\n0170- Estancias de patagonia',3,9,'OTO17020051','CE2','742295','742282','2017-02-20','2017-02-20 19:34:09','2017-03-31 19:14:48'),(339,'0517-Upa Gral rodriguez\r\n0305-Persano\r\n0413-Gimnasio La Ñata',3,9,'OTO17020052','BH3','742285','742265','2017-02-20','2017-02-20 19:37:04','2017-03-31 19:14:57'),(340,'0361-Secretaria Presidencia de la Nacion Tecnopolis Villantum sa\r\n0362-Secretaria Presidencia de la Nacion Tecnopolis Oficinas escenario\r\n0398-Secretaria Presidencia de la Nacion Tecnopolis Oficinas escenario\r\n',3,9,'OTO17020053','CG3','742283','742833','2017-05-03','2017-02-20 20:12:55','2017-05-03 20:44:15'),(341,'0425- Secretaria Presidencia de la Nacion',3,9,'OTO17020054','CG1','742878','742298','2017-02-20','2017-02-20 20:15:36','2017-03-31 19:15:13'),(342,'0198-Copetro',3,9,'OTO17020055',NULL,'742287','742257','2017-02-21','2017-02-21 11:59:06','2017-02-21 11:59:06'),(343,'0444-EMSA Estanislao Miller Boxing La Ñata\r\n0258-Sodimac\r\n0259-Museo ',3,9,'OTO17020056','CG1','742266','742286','2017-02-21','2017-02-21 12:51:56','2017-03-31 19:15:31'),(344,'0298-Coto Ezeiza\r\n0210-Coto Madariaga\r\n0386-Maycar Vital Bahia Blanca',3,9,'OTO17020057','CE3','742251','742271','2017-02-21','2017-02-21 13:02:32','2017-03-31 19:15:50'),(345,'0393-Salta Refrescos\r\n0492-Ewar\r\n0415-Maglioni\r\n0439-Ecopunto\r\n0522-Upa General Madariaga\r\n0517-Upa General Rodriguez\r\n0515-Upa  Zarate',3,9,'OTO17020058','CE3','742269','742253','2017-02-21','2017-02-21 13:15:19','2017-03-31 19:15:56'),(346,'0376-Secretaria 4 Nave 35x15\r\n0379-Secretaria 5\r\n0366-ARG CI SRL\r\n0407-UPP Tecnopolis\r\n0408-Educacion Tecnopolis\r\n0409-UBA Tecnopolis\r\n0400-Ferial Ampliacion Tecnopolis\r\n0401-Edificio Vialidad\r\n0406-Estudio de grabacion\r\n0473-Edificio Talleres\r\n0474-Acuario\r\n',3,9,'OTO17020059','CH3','742275','742280','2017-02-21','2017-02-21 13:42:52','2017-03-31 19:17:14'),(347,'0351-Coto CD\r\n0299-Coto CD\r\n0404-Coto Isidro Casanova',3,9,'OTO17020060','CH3','742241','742261','2017-02-21','2017-02-21 13:43:58','2017-03-31 19:17:22'),(348,'0425-Secretaria Presidencia de la Nacion\r\n0366-pabellon Brasil',3,9,'OTO17020061','CE2','742209','742220','2017-02-21','2017-02-21 14:33:32','2017-03-31 19:17:36'),(349,'MILLER VARCO PRUDEN S.A\r\nBalances:\r\nEjercicio Economico N°1 al 10 (1997/2005)\r\nMILLER BVUILDING iNTERNATIONAL S.A\r\nBalances:\r\nEjercicio Economico N° 11 al 17 (2006/2012)',4,13,'ADC17020097','CH3','742254','742300','2017-02-23','2017-02-23 20:28:57','2017-03-31 18:52:46'),(350,'ESTANISLAO MILLER S.A\r\nBalances:\r\nEj. Economico: N° 35 al 53 (Año 1995/2013) - Falta Ej. Ec. N°37 ',4,13,'ADC17020098','CH3','742276','742270','2017-02-23','2017-02-23 20:39:42','2017-03-31 18:52:55'),(351,'28114-28111-28079-28077-28074-28072-28070-28068-28067-28045-28039-28038 OP MBI 2013\r\n28066-28044-28043-20042-28028-28026-28022-28019-28017-28015 OP MBI 2013\r\n27343-27342-27341-27340-27339-27338-27337 OP EMSA 2013\r\n7951-8240 OP MBI 2004\r\n7132 OP MBI 2003\r\n7167 OP MBI 2003\r\n7168 OP MBI 2003\r\n4124 OP MBI 2000\r\n1439-996-995-913-831-1954- OP MVP 1998\r\n24726-24378-25173-25938- OP EMSA 2000\r\n4962-4913-4912-4831-4768-4616-4710-4615-4604-4477-4306-4250-4205-4155-4061-3780-3362-3444-3338-2497-2321-2320-2199-2200-1931-1838-1824-1814-1842-1843-1841-17730-1726-1718-1639-1573-1533-1460-1417-1411-1332 OP MVP 1998\r\n26361-26367-26369-26368-26364-26365-26363-26362- OP EMSA 2006\r\n28640-28463-27028-26934-26977-27102-27675-28240-28364- OP MBI 2013\r\n25982-25968-26022-26053-26024-26016 OP EMSA 2000\r\nJUMBO/NEU\r\n\r\n',4,10,'ADP17020099','CH3','742234','742242','2017-02-24','2017-02-24 12:46:35','2017-03-31 18:53:05'),(352,'OP  VARIAS AÑO 2003\r\nFAC VARIAS PROVEEDORES 2003\r\nCONTRATOS COMERCIALES VARIOS\r\nOP MANUALES 1997\r\nRENDICIONES -MOVICOM EMSA-DOC EMSA\r\nVIATICOS -LUIS PEREZ-MARCOS-FABRICIO- ',4,10,'ADP17020100','CE1','742277','742243','2017-02-24','2017-02-24 13:15:27','2017-03-31 18:53:10'),(353,'ORDENES DE COMPRA 1997-1993 \r\n',4,10,'ADP17020101','CE1','742212','742221','2017-02-24','2017-02-24 13:47:43','2017-03-31 18:53:26'),(354,'CONTRATOS VARIOS 2001\r\nD/B 4041-4039-3971-3974-3973-3972-3975-3807-3805-3806-\r\nEGR 14450-14452-14320-14421-\r\nRENDICION VIATICOS 2009\r\nVIATICOS 2008 PESOA GABRIEL-ALINEZ CARLOS-ESCOBEDO VICTOR-MIGUEL VILKA-RAUL RODRIGUEZ-FABIAN OLIVAREZ-PADILLA SAMUEL-SILVA-MARIANO MAINI-VICTOR-DI MARCO\r\nMOV DE FONDOS MVP 2000\r\nEGR 15900/98\r\nDB7200/209\r\nCAJA 2000\r\nBCO SUDAMERIS\r\n',4,35,'ADT17020102','AG2','742267','742237','2017-02-24','2017-02-24 14:50:02','2017-03-31 18:53:35'),(355,'PAVISUR\r\nEGR 2010\r\nCONVENIO MULTILATERAL 2003/2011\r\nMIRALAGOS-LOS CISNES -ABRIL 2014\r\nMBI CC ABRIL\r\nDB 9806/9893 AÑO 2012\r\nDB 9700/9782 AÑO 2012\r\nDB 9602/9699 AÑO 2012\r\nDB 9500/9599 AÑO 2012\r\nPOLI 4737-GRUA LIEBHERR\r\n\r\n',4,35,'ADT17020103','CH2','742260','742249','2017-02-24','2017-02-24 15:06:43','2017-03-31 18:53:44'),(356,'DIRECTORIO:\r\nLIBROS SOCIETARIOS: ESTANISLAO MILLER S.A\r\nActa de Asamblea N°1 (Rub. 24/10/1963 - Folio 100 Completo).-\r\nActa de Directorio N°1 (Rub. 24/01/1963 - Folio 200 Completo).-\r\nInventarios y Balance N°1 (Rub. 24/10/1963 - Folio 200 Completo).-\r\nInventarios y Balances N°2 (Rub. 29/04/1991 - Folio 100 Completo).-\r\nInventarios y Balances N°3 (Rub. 20/05/1997 - Folio 100 Completo).-\r\nReg. de Acciones N°1 (Rub. 29/04/1986 - Folio 3/NO USAR).-\r\nLibro Diario N°5 (Rub. 12/02/1994 - Folio 1000 Completo).-\r\nLibro Iva Compras N° 2 (s/rub. Folio 250 Completo).-\r\nLibro Iva Compras N°3 (s/rub. Folio 45/NO USAR).-',4,13,'ADC17030104','CH3','742264','742228','2017-03-13','2017-03-13 14:21:20','2017-03-31 18:53:52'),(357,'DIRECTORIO\r\nLIBROS SOCIETARIOS: ESTANISLAO MILLER S.A\r\nDep. Acc. y Registro de Asistencia N°1 (Rub. 24/10/1963 - Folio 49 Completo).-\r\nDep. Acc. y Registro de Accionistas (S/Rub. NO USAR).-\r\nLibro Diario Gral. N° 7 (S/Rub. Folio 87 NO USAR).-\r\nLibro Iva Ventas N°1 (S/Rub. Folio 18 NO USAR).-\r\nLibro Iva Ventas N°2 (S/Rub. Folio 12 NO USAR).-\r\nLibro Iva Ventas N°3 (S/Rub. Folio 40 Completo).-\r\nLibro Iva Ventas N°4 (S/Rub. Folio 20 NO USAR).-\r\nLibro Iva Ventas N°4 (S/Rub. Folio 21 NO USAR).-\r\n(Libro Iva Compras N°1 s/Rub. Folio 250 Completo/ Libro Iva Ventas N°5 s/rub. NO USAR/ Libro Manual Ley Aduana T.O 1941 Rub. 04/06/1997 s/impresión - ARCHIVADOS EN EL BAÑO)',4,13,'ADC17030105','CE1','742236','742246','2017-03-13','2017-03-13 14:33:32','2017-03-31 18:54:01'),(358,'DIRECTORIO\r\nLIBROS SOCIETARIOS: MILLER VARCO PRUDEN S.A\r\nLibro Diario Gral N°2 (Rub. 02/07/1999 - Folio 1000 Completo).-\r\nLibro Diario Gral N°3 (Rub. 02/07/1999 - Folio 1000 Completo).-\r\nLibro Diario Gral N°4 (Rub. 02/07/1999 - Folio 1000 Completo).-\r\nLibro Diario Gral N°5 (Rub. 03/10/2000 - Folio 500 Completo).-\r\n',4,13,'ADC17030106','AF1','742183','742214','2017-03-13','2017-03-13 14:40:04','2017-03-31 18:54:53'),(359,'DIRECTORIO\r\nLIBROS SOCIETARIOS: MILLER VARCO PRUDEN S.A\r\nLibro Diario Gral N°6 (S/Rub. - Folio 500 Completo).-\r\nLibro Iva Compras  N°1 (Rub. 20/05/1997 - Folio 100 Completo).-\r\nLibro Iva Compras N°2 (s/Rub. - Folio 250 Completo).-\r\nLibro Iva Compras N°3 (s/Rub. - Folio 100 Completo).-\r\nLibro Iva Compras N°4 (s/Rub. - Folio 250 Completo).-\r\nLibro Iva Compras N°5 (s/Rub. - Folio 250 Completo).-\r\nLibro Iva Ventas N°1 (Rub. 20/05/1997 - Folio 100 Completo).-\r\nLibro Municipal (Rub. 20/07/1998 - Sin Impresiones).-\r\n(Manual del Registro Aduanero Rub. 04/06/1997 S/Impresiones / ARCHIVADO EN EL BAÑO).-\r\n',4,13,'ADC17030107','CH2','742176','742191','2017-03-13','2017-03-13 14:46:38','2017-03-31 18:55:02'),(360,'DIRECTORIO:\r\nLIBROS SOCIETARIOS: MILLER BUILDING INTERNATIONAL S.A\r\nLibro Inventarios y Balance N°1 (Rub. 29/10/1996 - Folio 250 Completo).-\r\nLibro Iva Ventas N°2 (s/Rub.- Folio 100 Completo).-\r\nLibro Iva Compras N°6 (S/Rub.  - Folio 498 Completo).-\r\nLibro Diario Gral N°1 (Rub. 29/10/1996 - Folio 1000 Completo).-\r\nLibro Diario Gral N°7 (Rub. 31/05/2007 - Folio 1000 Completo).-',4,13,'ADC17030108','CG1','742244','742179','2017-03-13','2017-03-13 14:51:51','2017-04-06 14:08:59'),(361,'DIRECTORIO\r\nLIBROS SOCIETARIOS: MILGAS S.A\r\nLibro Iva Ventas N°1 (S/Rub. - SIN FOLIAR).-\r\nLibro Iva Ventas N°2 (S/Rub. - Folio 499 Completo).-\r\nLibro Iva Ventas N°3 (S/Rub. - Folio 250 Completo).-\r\nLibro Iva Ventas N°4 (S/Rub. - Folio 42 Incompleto).-\r\nLibro Iva Compras S/N° (S/Rub. - Folio 99 Completo).-\r\nLibro Dep. Acc. y Reg. Asistencia Asamblea N°1 (Rub. 22/07/1999 - Folio 20).-\r\nLibro Reg. Accinistas N°1 (Rub. 22/07/1991 - Folio 4).-\r\nLibro Acta de Asamblea y Directorio N°1 (Rub. 22/07/1997 - Folio 100 Completo).-\r\nLibro Acta de Asamblea N°2 (Rub. 15/10/2004 - SIN IMPRESIONES).-\r\nLibro Iva Inv. y Balance N°2 (Rub. 11/05/1991 - Folio 24 ).-\r\nLibro Diario General N°1 (Rub. 22/07/1991 - Folio 276).-\r\n',4,13,'ADC17030109','CE2','742186','742190','2017-03-13','2017-03-13 15:32:32','2017-03-31 18:56:09'),(362,'DIRECTORIO:\r\nLIBROS SOCIETARIOS:\r\nPRESTARE S.R.L:\r\nActa de Asamblea N°1 (Rub. 17/08/2001 - Folio 30).-\r\nInventarios y Balances S/Rub. NO USAR.-\r\nInventarios y Balance N°1 (Rub. 29/11/2007 - Folio 69).-\r\nDiario Gral s/Rub. \r\nDiario General N° 1 (Rub. 29/11/2007 - Folio 19).-\r\nCOORPORACION HOTELERA S.A:\r\nActa de Directorio N°1 (Rub. 31/07/2007 - SIN IMPRESIONES).-\r\nActa de Asamblea N°1 (Rub. 31/07/2007 - SIN IMPRESIONES).-\r\nDep. Acc. y Reg. de Accionistas N°1 (Rub. 31/07/2007 - SIN IMPRESIONES).-\r\nReg. Accionistas N°1 (Rub. 31/07/2007 - SIN IMPRESIONES).\r\nInventarios y Balances N°1 (Rub. 31/07/2007 - SIN IMPRESIONES).-\r\nDiario General N° 1 (Rub. 31/07/2007 - SIN IMPRESIONES).-\r\nSACOPA S.A\r\nDiario Gral N°1 (Rub. 22/07/1991 - SIN IMPRESIONES).-\r\nActa de Asamblea y Directorio N°1 (Rub. 22/07/1991 - Folio 10).-\r\nInventarios y Balance N°1 (Rub. 22/07/1991 - SIN IMPRESIONES).-\r\nReg. Accionistas N°1 (Rub. 22/07/1991 - SIN IMPRESIONES).-\r\nDep. acc. y Reg. asistencia a Asamblea N°1 (Rub. 31/07/07 - SIN IMPRESIONES).-\r\nEstatuto Original (archivado a pedido de Ricardo).-\r\nDALMA Y R S.A\r\nActa de Asamblea y Directorio N°1 (Rub. 14/09/2001 - Folio 7).-',4,10,'ADC17030110','CG1','742188','742195','2017-03-13','2017-03-13 18:17:14','2017-05-31 13:59:07'),(363,'DIRECTORIO\r\nLIBROS SOCIETARIOS: IZAJE S.A\r\nDiario Gral N°1 (Rub. 15/05/2007 - SIN IMPRESIONES).-\r\nInventarios y Balance N°1 (Rub. 15/05/2007 - SIN IMPRESIONES).-\r\nReg. de Acc. y Accionistas N°1 (Rub. 15/05/2007 - SIN IMPRESIONES).-\r\nActa de Asamblea N°1 (Rub. 15/05/2007 - SIN IMPRESIONES).-\r\nActa de Directorio N°1 (Rub. 15/05/2007 - SIN IMPRESIONES).-\r\nDep. Acc. y Reg. Asistencia a Asamblea N°1 (Rub. 15/05/2007 - Folio 3).-\r\nLibro en blanco sin impresiones y sin rubrica (folio 337 - 1000).-',4,13,'ADC17030111','CE1','742138','742189','2017-03-13','2017-03-13 18:24:10','2017-03-31 18:56:22'),(364,'-JE: Licitación \"IBM Bulding A\" Hipólito Yrigoyen 2149, Martínez // SIKA Information - Steel Modern Construction // Shipping: Miller Varco Pruden (1998) // Javier DRAGG // CICLON // Varios - Emails recibidos JE (2004)',9,24,'DIJ17040060','CA3','742155','742164','2017-04-25','2017-04-25 14:24:28','2017-08-23 17:30:54'),(365,'-JE: Cassettes varios // IBM (Varco Pruden) (2006) // Stock 2012 // Telefónica - Unifón (2000) // Royal Housing (1999) // Oficinas y Taller J.C. Camarero (1999) // Pozzi Cancelleri y Asoc. Ing. Civil (2000) // Raul Fusari (2000) // Yaguar-Depósito Mayorista (1999) // Nini ampliación (1997) // Colegio San Pablo (2000) // Bayer Argentina S.A. (1998) // COMASA 1998 // Normas Mercosur 1995 // Auditoría de Calidad Deloitte a Faplac //Nave 30x62,700 Tucumán, 1991 // Seleme 2003',9,24,'DIJ17040061','CA3','742185','742159','2017-04-25','2017-04-25 20:57:20','2017-08-23 17:31:15'),(366,'catalogos  y talonario de solicitud',4,10,'ADP17050112','CH1','742145','742156','2017-05-05','2017-05-05 14:11:51','2017-05-05 15:19:43'),(367,'catalogos y solicitud de compras',4,10,'ADP17050113','CH2','742173','742153','2017-05-05','2017-05-05 14:13:25','2017-05-05 15:20:03'),(368,'catalogos',4,10,'ADP17050114','CH2','742152','742175','2017-05-05','2017-05-05 14:14:09','2017-05-05 15:20:09'),(369,'SIDERAR  FACTURAS 2011 A 2015',4,10,'ADP17050115','CF3','742390','742169','2017-05-11','2017-05-11 15:08:00','2017-08-25 11:26:26'),(370,'PL. CP. 504-494(de 42 a 59)-519-496(de 47 a 84)-522-493-515-514',6,34,'PCP17050016','CF1','742770','742730','2017-05-26','2017-05-26 13:10:28','2017-05-31 14:02:15'),(371,'Partes Diarios ',6,22,'PCO17050017','CF2','742727','742767','2017-05-26','2017-05-26 13:13:39','2017-05-31 14:02:23'),(372,'PL. CP. 536(de 01 a 169)-543(de 01 a 188)-534-519-507',6,34,'PCP17050018','CF3','742748','742763','2017-05-26','2017-05-26 13:15:58','2017-05-31 14:02:30'),(373,'Etiquetas Obra 2015',6,17,'PCE17050019','CH1','742712','742718','2017-05-26','2017-05-26 13:22:36','2017-05-31 14:02:41'),(374,'PL. 437-447-457-461-474-475-479-480-482-485-486-494-498-499-500-501-502-504-505-506-513-514-519-526-527-531-532',6,34,'PCE17050020','CF1','742750','742726','2017-05-26','2017-05-26 13:36:01','2017-05-31 14:02:49'),(375,'PL Carlos',6,34,'PCP17050021','CF2','742733','742739','2017-05-26','2017-05-26 13:37:02','2017-05-31 14:02:58'),(376,'PL. CP. 532-499-482-460-505-501-265-463-335-462-477-413-495-491-498-492-544-503-500-561-457-387-554-564-579-555-449-533-9999-516(de 137)-550-353-514(de 121)',6,34,'PCP17050022','CF2','742797','742704','2017-05-26','2017-05-26 14:49:27','2017-05-31 14:03:09'),(377,'Listas y Cuadernos de Planta ',6,21,'PCL17050023','CF2','742743','742740','2017-05-26','2017-05-26 14:56:47','2017-05-31 14:03:17'),(378,'Etiquetas de Obra 2015-2016',6,17,'PCE17050024','CF3','742714','742707','2017-05-26','2017-05-26 14:58:53','2017-05-31 14:03:28'),(379,'PL. Misc.-206-265-413-437-439-457-460-477-488-491-492-493-494-496-497-498-507-513-523-528-540-541-549-550-555',6,34,'PCP17050025','CF3','742742','742774','2017-05-26','2017-05-26 20:15:02','2017-05-31 14:03:37'),(380,'PL. CP. 521-517-518',6,34,'PCP17050026','CF3','742723','742749','2017-05-26','2017-05-26 20:16:05','2017-05-31 14:03:45'),(381,'PL. CP. 572-429(ld 01 a 329)-513-520',6,34,'PCP17050027','CF3','742784','742766','2017-05-26','2017-05-26 20:17:38','2017-05-31 14:03:53'),(382,'Vales Julio a Diciembre 2016',6,18,'PCV17050028','CF2','742725','742710','2017-05-29','2017-05-29 19:07:57','2017-05-31 14:03:59'),(383,'PL. 551',6,34,'PCP17050029','CF1','742738','742705','2017-05-29','2017-05-29 19:33:25','2017-05-31 14:04:06'),(384,'PL CP. 542-538-521-523-526-549-493-513-425-502-527-479-466-475-467-476-511-455',6,34,'PCP17050030','CH1','742717','742744','2017-05-29','2017-05-29 19:34:30','2017-05-31 14:04:18'),(385,'PL. CP. 548-550-558-215-517-528-531-530-386-493-540-539-545-447-478-524-437-432-537',6,34,'PCP17050031','CF2','742722','742741','2017-05-29','2017-05-29 19:36:03','2017-05-31 14:04:33'),(386,'PL. 506-507-508-512-547-548',6,17,'PCE17050032','CH1','742736','742112','2017-05-29','2017-05-29 19:36:39','2017-05-31 14:04:42'),(387,'PL. UPA-526-527-523-519-522-521',6,34,'PCP17050033','CF1','742124','742137','2017-05-29','2017-05-29 19:40:56','2017-05-31 14:04:49'),(388,'461-La Posada. 558-Estancias de Patagonia. 538-Const. Ezeiza. 561-Igal Gutking. 543-Quilmes. 564-Novaterra. Remitos a Proveedores. 570- Segtec. 553-UPA Zarate Amp. 554-Petropack. 509- M. de Zarate. 548. Kameway. 517. UPA Gral Rodriguez. 549-El Indio Reparacion. 550-Salazar Wilchelm. 560 Marolio. 523-Tienda Leon. UPA Olmos. Alltrade USA. Sanchez Noya. AUBASA. Traslado Tecnopolis. Coto San Fernando. Citromax\r\n',7,33,'COO17050004','CH1','742168','742158','2017-05-30','2017-05-30 17:59:04','2017-05-31 14:01:15'),(389,'27301-27400 EMSA 2013\r\n27401-27490 EMSA 2014\r\n27491-27599 EMSA 2015\r\n',4,10,'ADP17050116','DE1','742120','742126','2017-05-31','2017-05-31 17:34:32','2017-06-28 18:05:17'),(390,'27600-27799 EMSA 2015\r\n',4,10,'ADP17050117','DE3','742116','742125','2017-05-31','2017-05-31 18:07:54','2017-06-28 18:05:25'),(391,'32711-32829 MBI 2015\r\n',4,10,'ADP17060118','DE3','742336','742332','2017-06-12','2017-06-12 15:01:28','2017-06-28 18:05:35'),(392,'32830-33050 MBI 2015',4,10,'ADP17060119','DE2','742335','742323','2017-06-12','2017-06-12 15:04:11','2017-06-28 18:05:43'),(393,'32678-32850 MBI 2015',4,10,'ADP17060120','DE2','742326','742313','2017-06-12','2017-06-12 15:05:19','2017-06-28 18:05:51'),(394,'31851-32060 MBI 2015',4,10,'ADP17060121','DE2','742328','742312','2017-06-12','2017-06-12 15:06:49','2017-09-07 18:30:13'),(395,'32061-32249 MBI 2015\r\n',4,10,'ADP17060122','DE3','742311','742318','2017-06-12','2017-06-12 15:07:56','2017-06-28 18:06:10'),(396,'32250-32450 MBI 2015',4,10,'ADP17060123','DE1','742317','742320','2017-06-12','2017-06-12 15:21:06','2017-06-28 18:06:17'),(397,'32451-32640 MBI 2015',4,10,'ADP17060124','DE1','742129','742102','2017-06-12','2017-06-12 15:22:16','2017-06-28 18:06:23'),(398,'32641-33199 MBI 2015',4,10,'ADP17060125','DE1','742315','742322','2017-06-12','2017-06-12 15:23:38','2017-06-28 18:06:30'),(399,'33200-33430 MBI 2015',4,10,'ADP17060126','DE3','742127','742345','2017-06-12','2017-06-12 15:24:52','2017-09-07 17:40:47'),(400,'33431-33635 MBI 2015',4,10,'ADP17060127','DE2','742319','742316','2017-06-12','2017-06-12 15:26:22','2017-06-28 18:06:42'),(401,'33636-33820 MBI 2015',4,10,'ADP17060128','DE2','742349','742383','2017-06-12','2017-06-12 15:28:03','2017-06-28 18:06:47'),(402,'33821-34049 MBI 2015',4,10,'ADP17060129','DE3','742355','742400','2017-06-12','2017-06-12 15:31:20','2017-06-28 18:06:54'),(403,'34050-34250 MBI 2015',4,10,'ADP17060130','DE2','742379','742398','2017-06-12','2017-06-12 15:32:47','2017-06-28 18:07:21'),(404,'34251-34450 MBI 2015\r\n',4,10,'ADP17060131','DE3','742342','742376','2017-06-12','2017-06-12 15:33:17','2017-09-07 18:28:22'),(405,'TECNIPISOSO 246\r\nBORI CONSTRUCCIONES \r\nORTEGA\r\nVITAL LA PLATA REPARACION\r\nHOME PLAST S.A. -AMPL-289\r\nCONSTRUCCION SUDAMERICANA S.A. -CHANGO MAS-ATE. BROWN - 288\r\nCMF\r\nMARCELO G. OLIVER (juan jose Budeger) 287\r\nGALPON JUNTA ELECTORAL (LA PLATA) 286\r\nCEPAS ARGENTINAS SA (GANCIA) 285\r\nCOTO (SUC SANTA FE) 283\r\nMERCADO CENTRAL 282\r\nPETRO PACK (AMPLIACION)281\r\nLANXESS 280\r\nTERRONE HECTOR 279\r\nTAWARA CONSTRUCCIONES (FAURECIA) 276\r\nARGENTI LEMON (SAN JUAN) 275\r\nBOCANERA (AMPLIACION) ALBOR JOSE MARIA 274\r\nMAKRO CORRIENTES 273\r\nMAKRO RIO CUARTO 272\r\nMAKRO SAN JUAN 271',14,36,'OPD17070000','DG3','742382','742384','2017-07-07','2017-07-07 19:50:09','2017-07-24 13:06:29'),(406,'222 HORMETAL \r\n223 TTANGO\r\n225 GAR SA \r\n226 COTO  SUC 68\r\n227 PETRO PACK AMPLIACIÓN\r\n228 HORMETAL\r\n230 AGROTRANSPORTE II\r\n231 COTO SUC 64\r\n232 CIELOS PATAGONICOS\r\n233 COTO SUC CD\r\n234 SUP NINI II\r\n235 LANXESS\r\n238 INGECO\r\n239 TAWARA\r\n241 SUP MAKRO\r\n242 INGEVAMA\r\n243 CERAMICA CORTINES\r\n244 AZ SA\r\n245 LOGISTICA LA SERENISIMA\r\n249 LKL\r\n250 CINGOLANI\r\n251 VENTIFARMA\r\n252 ORMETAL CHAPAS\r\n253 HORMETAL CORREA\r\n255 SIST ROYALTEL\r\n256 COTO BANFIELD\r\n257 GONZALEZ OLIVER\r\n258 SODIMAC FALABELLA\r\n260 SUP MAKRO LOMAS DE ZAMORA\r\n261 REFMAR\r\n262 MARBY CONFORMADOS\r\n263 YAGUAR (REPARACIÓN CORDOBA)\r\n264 BDC COMPLEJO LAVALLE\r\n265 PLUSLOG\r\n262 SISTEMAS ROYALTEL\r\n267 WALT MART (TIGRE)\r\n268 CEM ING (AMLIACION)\r\n269 WALT MART (NEUQUEN)\r\n',14,36,'OPD17070001','DG3','742365','742395','2017-07-07','2017-07-07 20:08:37','2017-08-02 12:42:46'),(407,'161 VAMSA\r\n180 COTO PARANA\r\n181 EL TEHUELCHE\r\n182 JC MORRISON\r\n184 LA SEVILLANITA\r\n185 ALTA PLATICA\r\n186 COTO TRISTAN SUAREZ\r\n187 CERES\r\n188 COTO LIBERTADOR\r\n190 INVAP\r\n191 DELTA DOCK\r\n192 CROMOSOL\r\n193 EL TEHUELCHE EL CALAFATE\r\n194 INVAP (NAVES)\r\n195 M.OLIVER OFIC\r\n196 MARBY\r\n197 ALVARO NOYA\r\n198 COPETRO\r\n199 COTO MURILLO\r\n200 AMPL EL TEHUELCHE CALAFATE\r\n201 COTO SAN MARTIN\r\n203 ADEA\r\n204 BASES MORRISON\r\n206 CEDAM\r\n207 COTO SUC 45 CABILDO\r\n208 TTANGO (REPARACION)\r\n210 COTO MADARIAGA\r\n211 MBI\r\n214 EXPRESO RIVADAVIA\r\n215 HOME PLAST\r\n217 PETRO PACK\r\n218 ESTANCIA DE PATAGONIA PORTONES\r\n219 S. HELICENTER\r\n221 BOCANERA\r\n\r\n',14,36,'OPD17070002','DG3','742386','742381','2017-07-07','2017-07-07 20:19:00','2017-07-24 13:07:05'),(408,'353 -  GAR SA AMP\r\n345 -  NINI AMPLIACIÓN\r\n346 -  LAROZ VICTOR JAIME  (MOBILAR)\r\n342 -   N Y J OLIVER (SALTA REF. AMPL. II)\r\n337 -  PETROPACK SA (AMPL)\r\n334 -  CLUB ESTUDIANTES DE LA PLATA\r\n333 -  COTO C.I.C.S.A. (SAN FERNANDO)\r\n332 -   LEMUNKUYEN SA\r\n330 -  GASITAL S.A.\r\n331 -  CAÑUELAS GAS SA\r\n327 -  N Y J ASOCIADOS SRL (SALTA REFRESCOS AMPLIACIÓN)\r\n325 -  PETROPACK S.A. (AMPL)\r\n324 -  LA TORTERIA S.R.L.\r\n323 -  LATERSA – MONACO\r\n322 -  INDATA S.A.\r\n321 -  GUILLERMO ETCHECHOURY\r\n320 -  JUAN JOSE BUDEGUER\r\n319 -  TTAMGO (REPARACIÓN TORNADO)\r\n317 -  MAYCAR S.A. (VITAL POSADAS RETECHADO)\r\n316 -  CAÑUELAS GAS SA (EXTRAGAS)\r\n315 -  CARESTIBA S.A.\r\n314 -  MARCELO G. OLIVER (SALTA REFRESCOS S.A)\r\n313 -  MARCELO G. OLIVER (GAR S.A. AMPL.)\r\n312 -  LOGISTECH S.A. (REPARACIÓN)\r\n311 -  JORGE VOZZO  (VACIA)\r\n310 -  GEN ROD S.A.\r\n309 -  EPTA ARG. S.A. (COSTAN) – (PLATAFORMAS COTO REM. DE ESCAL.)\r\n308 -  ARNEG ARG. (PLATAFORMAS COTO EZEIZA)\r\n307 -  LOMAS DEL SOL SRL\r\n306 -  ALBOR JOSE MARIA II\r\n305 -  PERSANO S.A.	\r\n304 -  MUNICIPALIDAD DE EZEIZA (HOSPITAL)\r\n303 -  COTO C.I.C.S.A. (REMEDIOS DE ESCALADA)\r\n302 -  COTO C.I.C.S.A. (MALVINAS ARGENTINAS)\r\n301 -  EMINCO S.A.\r\n300 -  COTO C.I.C.S.A.  (REMEDIOS DE ESCALADA)\r\n299 -  COTO C.I.C.S.A. (CTRO. DISTRIB.)\r\n298 -  COTO C.I.C.S.A. (EZEIZA)\r\n296 -  CONSTR. CIVILES DIAZ VILLA SRL (SAN JUAN)\r\n295 -  NORBERTO ANILE (PLATAFORMAS AIRES)\r\n294 -  ARNEG. ARG. (PLATAFORMAS COTO STA. FE)\r\n292 -  PETROPACK SA (AMPL.)\r\nIND. METALURGICAS RONANFER S.A.\r\n290 -  TECNIPISOS S.A. (CEPAS ARG-GANCIA)\r\nCARREÑO SA\r\n',14,36,'OPD17070003','DG3','742339','742348','2017-07-12','2017-07-12 19:37:51','2017-10-17 17:02:08'),(409,'326 -  PROAS LOGISTICA\r\n328 -  LANXESS S.A. (REPARACIÓN)\r\n329 -  COTO  C.I.C.S.A. (MUNRO)\r\n333 -  COTO  C.I.C.S.A. (CD – CAMBIO ZINGUERIA)\r\n336 -  SUP. YAGUAR (CHACO)\r\n338 -  MUNICIPALIDAD DE EZEIZA (GALPÓN AUTOMOTOR)\r\n339 -  COTO RETECHADO SUC. 68\r\nRASIC  HNOS S.A.\r\n334 -  ESTANISLAO MILLER S.A. (CITROMAX)\r\n343 -  LA TORTERIA AMPL. (VACIA)\r\n344 -  COPETRO CHAPAS\r\n347 -  CONFECOR\r\n348 -  ESTANCIAS DE PATAGONIA\r\n349 -  TVG\r\n350 -  ARNEG (PLATAFORMA COTO SAN FERNANDO)\r\n351 -  COTO CD NAVE\r\n352 -  BIOENERGIA SANTA ROSA\r\n354 -  LOMAS DEL SOL SRL\r\n355 -  CERES S.R.L\r\n356 -  ESTANISLAO MILLER (BUDEGUER)\r\n357 -  PETROPACK\r\n358 -  PETROPACK S.A.\r\n359 -  ORESTE DURANTE\r\n360 -  GENROD\r\n361 -  TECNOPOLIS ACUARIO\r\n361 -  VILLANTUN\r\n362 -  SECRETARIA I\r\n363 -  PERSANO\r\n364 -  MARCELO OLIVER\r\n365 -  TRANSPORTE JC MORRISON\r\n366 -  TECNOPOLIS PABELLON BRASIL\r\n366 -  ARG-CI SRL\r\n367 -  SECRETARIA\r\n368 -  MAXICONSUMO\r\n369 -  WALT MART\r\n370 -  WALT MART (TARTAGAL)	\r\n371 -  WALT MART (CIUDAD JUDICIAL)\r\n372 -  EMSA CONTROL UNION NORTE\r\n373 -  COARCO SA	\r\n374 -  MAGLIONI SRL\r\n375 -  SECRETARIA 3\r\n376 -  SECRETARIA 4\r\n377 -  ARNEG ARGENTINA SA	\r\n378 -  VITAL LA PLATA \r\n380 -  EL ATAMISQUE S.A.\r\n',14,36,'OPD17070004','DE1','742309','742325','2017-07-13','2017-07-13 13:40:32','2017-07-24 13:07:36'),(410,'381 -  COTO SUC 64 – SARANDI- (VACIA)\r\n382 -  RASIK (VACIA)\r\n383 -  ESTANCIA DE PATAGONIA\r\n384 -  UPP (TRAILER)\r\n385 -  UPA ATTE BROWN\r\n386 -  MAYCAR S.A\r\n387 -  BUDEGUER JUAN JOSE\r\n388 -  CIA INVERSORA INDUSTRIAL\r\n389 -  FALABELLA\r\n390 -  PLUSLOG S.A. (BAHIA BLANCA)\r\n391 -  WALT MART CHANGO MAS\r\n393 -  SALTA REFRESCOS\r\n395 -  COTO T. SUAREZ – REP.\r\n396 -  TRANSPORTE JDG S.A.\r\n398 -  CULTURA\r\n399 -  MIRALAGOS\r\n400 -  FERIAL\r\n402 -  ACUMAR\r\n403 – VIALIDAD\r\n403/A – RIACHUELO\r\n404 -  COTO ISIDRO CASANOVA\r\n408 -  UBA\r\n411 -  MAXICONSUMO MENDOZA\r\n413 -  GIMANSIO LA ÑATA\r\n414 -  TAWARA CONSTRUCCIONES ESCOBAR\r\n415 -  MAGLIONE SRL\r\n416 -  UPP\r\n417 -  COTO SPINETO – REP\r\n418 -  COTO CD – REP\r\n419 -  CENTER BOX SA\r\n421 -  ARCOR\r\n422 -  CETEC\r\n423 -  EXPOBAIRES\r\n424 -  LOMAS DEL SOL\r\n\r\n\r\n\r\n\r\n',14,36,'OPD17070005','DE1','742308','742354','2017-07-13','2017-07-13 14:10:06','2017-10-17 17:01:17'),(411,'POSICIÓN BANCOS AGO 2014/DIC 2015',14,36,'OPD17070006','DG3','742380','742371','2017-07-14','2017-07-14 19:48:17','2017-07-24 13:08:03'),(412,'POSICIÓN BANCOS ENE 2016/ABR 2017',14,36,'OPD17070007','CF1','742334','742351','2017-07-14','2017-07-14 19:55:35','2017-08-23 17:31:56'),(413,'VIATICOS 2014/2015\r\n-CASTRO HECTOR\r\n-CESPEDES HERNAN ALBERTO\r\n-CHAVEZ JORGE FERNANDO\r\n-DELL MARIA DILYS\r\n-GONZALEZ LUCAS\r\n-MANOLIO LUIS\r\n-PEREIRA NICOLAS\r\n-RODRIGUEZ RAUL\r\n-MASCELLI FLAVIA\r\n-CAMPO ANA TERESA\r\n-DI MARCO ALEJANDRA\r\n-MANCILLA JOSE LUIS\r\n-PANIAGUA GERMAN\r\n-RAMIREZ NELSON\r\n-RODRIGUEZ SEBASTIAN\r\n-SAUCEDO RAFAEL\r\n-CASALI ALEJANDRO\r\n-YARILLO DIEGO\r\n-FRANGI MARIANO\r\n-PADILLA SAMUEL\r\n\r\n-REMITOS VENCIDOS ( Nº00001 – 29651/30000)\r\n \r\n',14,36,'OPD17070008','DG2','742310','742314','2017-07-14','2017-07-14 19:57:58','2017-08-23 17:32:06'),(414,'121 -  ADVENTISTAS\r\n123 -  TERMINAL  L.P. (VACIA)\r\n131 -  CANCELLERI\r\n132 -  AG PRUDEN\r\n133 -  MAXICONSUMO\r\n134 -  COTO C.I.C.S.A.\r\n135 -  ARGENTILEMON\r\n136 -  TAWARA\r\n137 -  ULTRACOLOR\r\n138 -  VITAL QUILMES\r\n139 -  DICKY\r\n 140 -  PEA\r\n142 -  EL INDIO\r\n143 -  ECIRI\r\n144 -  TAWARA II\r\n147 -  VITAL POSADAS\r\n148 -  VITAL RESISTENCIA\r\n149 -  COTO ROSARIO\r\n150 -  CIA. GRAL. DE FRUTAS (VACIA)\r\n151 -  COTO RETIRO \r\n152 -  COTO ROSARIO TALLERES\r\n153 -  VITAL QUILMES\r\n154 -  COTO CENTRO DE DIST. CERRAMIENTO LAT.\r\n155 -  COTO CENTRO DE DIST. RECAMBIO DE CHAPAS\r\n156 -  ECONAIRE\r\n157 -  IMPELER\r\n159 -  IMPELER II\r\n160 -  A.L.S.A.\r\n163 -  MEGAFLEX\r\n164 -  TAWARA REPARACION\r\n165 -  COTO VILLA BALLESTER\r\n166 -  AGRO TRANSPORTE\r\n167 -  GAR S.A.\r\n168 -  SANECE S.A.\r\n169 -  PETRO PACK S.A.\r\n170 -  ESTANCIA PATAGONIA\r\n171 -  COTO CASTROBARROS\r\n172 -  BOCANERA\r\n174 -  SERVICARGA\r\n175 -  PENTRON\r\n178 -  RONENFER\r\n179 -  TAWARA\r\n198 -  COPETRO',14,36,'OPD17070009','DG2','742353','742306','2017-07-18','2017-07-18 17:00:23','2017-08-23 17:32:15'),(415,'521-Rex. 511-Maxiconsumo G.Catan. 536-Coto Moreno. 544- Hilber. 542-Dileo. 552-Coarco. 429-MBI Pañol. 547-Coto CD. Hilber-Dileo carpeta Guadalupe. Libros de Obra',7,33,'COO17080005','CF1','742389','742358','2017-08-09','2017-08-09 18:37:29','2017-08-23 17:33:29'),(416,'MBI D/B 2014\r\n12082 – 13133 AGOSTO\r\n13181 – 13397 SEPTIEMBRE \r\n13327 – 13550 OCTUBRE\r\n13551 – 13799 NOVIEMBRE\r\n13802 – 14274 DICIEMBRE\r\n\r\nEMSA D/B 2015\r\n2116 – 2664\r\n\r\nMBI D/B 2015\r\n13995 – 14299\r\n14300 -  798\r\n 858 – 2145\r\n\r\nEMSA OPG 2015\r\n25406 – 25469\r\n25470 – 25535\r\n25536 – 25585\r\n25586 – 25675\r\n',4,35,'ADT17080132','DG2','742324','742388','2017-08-25','2017-08-25 11:31:14','2017-09-07 18:32:12'),(417,'MBI EGR 2015\r\n18133 – 18215\r\n18216 – 18285\r\n18286 – 18336\r\n01 – 69\r\n70 – 90\r\n100 – 190\r\n191 – 280\r\n\r\nEMSA C/B 2015\r\n2299 – 2333\r\n\r\nEMSA BOD 2015\r\n164 – 175\r\n\r\nPLUSLOG EGR 2014\r\n285\r\n\r\nMBI C/B 2015\r\n2559 – 2562\r\n\r\nMBI TCD 2015\r\n384\r\n5236\r\n\r\nMBI BOD 2015\r\n01 – 04\r\n\r\nMBI BOL 2015 \r\n01 – 45\r\n1372 – 1395\r\n\r\n\r\n',4,35,'ADT17080133','DG2','742344','742304','2017-08-25','2017-08-25 11:36:32','2017-09-07 18:31:49'),(418,'BANCO FRANCES MBI\r\nAcuse de recibo\r\nDep año 2008\r\nResumen año 2008\r\n\r\nSANTANDER RIO\r\nDoc fir x Lofredo\r\n\r\nBANCO PROV EMSA\r\nAcuse de doc  año 2011\r\n\r\nBANCO NACION MBI\r\nPlazo fijo calle 12 año 2012\r\nprestamo 2012\r\n\r\nBANCO PROV MBI\r\nCalificacion-creditacion año 2011\r\n\r\nBANCO CREDICOOP\r\nCalificacion crediticia-nota envio año 2011\r\n\r\nBANCO INDUSTRIAL\r\n\r\nBANCO CREDICOOP \r\nManifestacion de ing y bienes pers año 2009\r\ncost de plazo fijo 2013-2012\r\n\r\nBANCO ICBC\r\nTramite de chequera 2014\r\nOrden de no pagar ch-den penal-\r\nacuse de ret de chequera 2015\r\n\r\nBANCO CMF EMSA\r\nAcuse de ret de ch 2011\r\n\r\nBANCO CMF MBI\r\nLiquidacion de credito 2011\r\ncomercio exterior\r\nsoli de desc de ch\r\nflazo fijo\r\nDet de mov 2014-2013-2012\r\n\r\n\r\nSTANDARD BANK\r\nAcuse de doc pres año 2011\r\ncalif de credito 2011\r\n\r\nBANCO PROV MBI\r\nFormulario desc de ch 2013\r\nliquidacion 2010-2012\r\nfor des de ch\r\nplazo fijo 2012\r\nprestamo 2012\r\n\r\nCUENTAS RM-JE\r\n\r\nCMF PLUSLOG 2013\r\n\r\nHPOTECARIO\r\nCredito\r\n\r\nBANCO FRANCES\r\nMBI 2013\r\n\r\nFAST FLY \r\nSamcor seguros 2014-2013\r\n\r\nTITO 2014-2013-2012-2011\r\n\r\nBANCO GENERAL DE NEGOCIOS 2012\r\n\r\n',4,10,'ADT17080134','DG2','742357','742366','2017-08-25','2017-08-25 13:53:53','2017-09-07 18:31:19'),(419,'ch anulado 2012 a 2015',4,35,'ADP17080135','DG3','742343','742346','2017-08-25','2017-08-25 20:03:29','2017-09-07 18:30:52'),(420,'-Libertad Villa María / -Estatutos y Poder MBI (copia) / -Buy-outs Memphis / -Esso / -Varios, El Indio / -Vital Márquez, Carpintería / -Terminal La Plata / -Sprainat / -Revistas Ingeniería Estructural',9,24,'DIJ17100062',NULL,'742161','742184','2017-10-20','2017-10-20 15:00:01','2017-10-20 15:00:01'),(421,'-Varios JE Caja 1: Memoria cálculo viga carrilera; Presupuestos; Contratos; KRK; Angola Historia; Autopistas Urbanas S.A. Licitación; Logística; Lesing Banco Galicia; Comité Operativo; Presupuestos de montadores; Presupuestos Mariano Maini; Viaje EEUU 2006; Marafon / -Techint / - Milgas SA / - Sprainat a reveer / -EMSA Nominatividad Acciones / -Prendas de Maquinarias / -Ciclón \"La Plata\" / - CIPET / - Celdas, Terminal Ramallo / -ITEP / -Medabil VP / -Desarrollo de Builders / -Manifestación EM 1998 / -Coto Rosario / Daniel Meda',9,24,'DIJ17100063',NULL,'742150','742374','2017-10-20','2017-10-20 15:16:33','2017-10-20 15:16:33'),(422,'-Colegio Lincoln / -Escritura y Poder Miller - Varco Pruden SA / -Escritura y Acta de Asamblea Parque Industrial La Plata / -Curriculums / - Luis Sartori / -Presupuestos / -Marca Miller Varco Pruden / -DGI / -Hannover',9,24,'DIJ17100064',NULL,'742178','742171','2017-10-20','2017-10-20 17:53:38','2017-10-20 17:53:38'),(423,'-Auditoría en el Stock 2009 / -Prestare SRL / -Obra Ekono V 1997 / -Vital Moreno carpeta técnica / -Obra Norte Lomas 1997',9,24,'DIJ17100065',NULL,'742151','742162','2017-10-20','2017-10-20 18:07:37','2017-10-20 18:07:37'),(424,'-Pasutti Claudio / -Ekono 5, Disco / -Besco Construction / -Manual de Cargas de Viento / -Oficina / -Will Hummel / -Casa Brassac / -Vital Quilmes',9,24,'DIJ17100066',NULL,'742163','742180','2017-10-20','2017-10-20 18:22:09','2017-10-20 18:22:09'),(426,'aaaaaaaaaaaaaaaaaaaa',1,37,'SSa17120000','','111111111','111111111','2017-12-04','2017-12-04 18:07:19','2017-12-04 18:07:21'),(427,'OBRAS ENERO-FEBRERO 2014',5,14,'CPP17120000','EF1','742586','742564','2017-12-05','2017-12-05 19:52:21','2018-04-24 17:34:05'),(428,'OBRAS MARZO-ABRIL 2014',5,14,'CPP17120001','EF1','742530','742597','2017-12-05','2017-12-05 19:55:36','2018-04-24 17:34:44'),(429,'OBRAS MAYO-JUNIO 2014',5,14,'CPP17120002','EF1','742558','742573','2017-12-05','2017-12-05 19:58:17','2018-04-24 17:35:05'),(430,'OBRAS JULIO-AGOSTO 2014',5,14,'CPP17120003','EF1','742559','742583','2017-12-05','2017-12-05 20:01:34','2018-04-24 17:35:21'),(431,'OBRAS JULIO 2014 ',5,14,'CPP17120004','EH2','742545','742548','2017-12-05','2017-12-05 20:03:29','2018-04-24 17:32:20'),(432,'OBRAS SEPTIEMBRE-OCTUBRE 2014',5,14,'CPP17120005',NULL,'742590','742526','2017-12-05','2017-12-05 20:06:01','2017-12-05 20:06:01'),(433,'OBRAS NOVIEMBRE-DICIEMBRE 2014',5,14,'CPP17120006','EF2','742553','742542','2017-12-05','2017-12-05 20:07:12','2018-04-24 17:35:45'),(434,'OBRAS ENERO(UNA PARTE DE ENERO) 2016',5,14,'CPP17120007','EF2','742571','742533','2017-12-06','2017-12-06 14:43:03','2018-04-24 17:36:01'),(435,'OBRAS ENERO-FEBRERO-MARZO 2016',5,14,'CPP17120008','EH2','742534','742568','2017-12-06','2017-12-06 14:45:29','2018-04-24 17:36:22'),(436,'OBRAS ABRIL-MAYO 2016',5,14,'CPP17120009',NULL,'742519','742539','2017-12-06','2017-12-06 14:47:29','2017-12-06 14:47:29'),(437,'OBRAS JUNIO-JULIO-AGOSTO 2016',5,14,'CPP17120010','EF3','742509','742527','2017-12-06','2017-12-06 14:49:37','2018-04-24 17:36:49'),(438,'OBRAS SEPTIEMBRE-OCTUBRE 2016',5,14,'CPP17120011','EH1','742562','742591','2017-12-06','2017-12-06 14:51:11','2018-04-24 17:37:15'),(439,'OBRAS NOVIEMBRE-DICIEMBRE 2016',5,14,'CPP17120012','EH1','742525','742538','2017-12-06','2017-12-06 14:52:49','2018-04-24 17:37:29'),(440,'CARPETAS ENERO-FEBRERO-MARZO 2013',5,14,'CPP17120013',NULL,'742518','742549','2017-12-07','2017-12-07 12:43:15','2017-12-07 12:43:15'),(441,'CARPETAS ABRIL-MAYO-JUNIO-DICIEMBRE 2013 + CARPETAS 2012(meses varios)',5,14,'CPP17120014','EF1','742331','742329','2017-12-07','2017-12-07 12:43:54','2018-04-24 17:37:58'),(442,'CARPETAS AGO.-SEP.-OCT.-NOV. 2013',5,14,'CPP17120015','EF1','742363','742165','2017-12-07','2017-12-07 12:45:02','2018-04-24 17:38:35'),(443,'CARPETAS VARIAS 2006-2007-2009-2010-2011-2012-2013-2015-2016',5,14,'CPP17120016','EH2','742575','742520','2017-12-08','2017-12-08 14:39:08','2018-04-24 17:38:52'),(444,'OBRAS SIN COTIZAR CAJA 1',5,14,'CPP17120017','EH1','742598','742569','2017-12-08','2017-12-08 14:41:27','2018-04-24 17:39:17'),(445,'OBRAS SIN COTIZAR CAJA 2',5,14,'CPP17120018','EF2','742563','742517','2017-12-08','2017-12-08 14:42:45','2018-04-24 17:39:31'),(446,'obras sin cotizar caja 3',5,14,'CPP17120019','EF2','938209','938210','2017-12-13','2017-12-13 13:23:26','2018-04-24 17:40:26'),(447,'obras sin cotizar-caja 4',5,14,'CPP17120020','EH2','938207','938208','2017-12-13','2017-12-13 13:24:24','2018-04-24 17:40:40'),(448,'obras sin cotizar-caja 5',5,14,'CPP17120021','EF3','938205','938206','2017-12-13','2017-12-13 13:24:54','2018-04-24 17:41:01'),(449,'obras sin cotizar-caja 6',5,14,'CPP17120022','EF2','938203','938204','2017-12-13','2017-12-13 13:25:30','2018-04-24 17:41:15'),(450,'RM: VARCO PRUDEN',9,23,'DIR17120067',NULL,'938276','938241','2017-12-13','2017-12-13 19:19:11','2017-12-13 19:19:11'),(451,'RM: Concurso Acreedores MBI-EMSA-MILGAS',9,23,'DIR17120068',NULL,'938211','938213','2017-12-13','2017-12-13 19:22:06','2017-12-13 19:22:06'),(452,'RM: Concurso Acreedores MBI-EMSA-MILGAS',9,23,'DIR17120069',NULL,'938214','938212','2017-12-13','2017-12-13 19:30:57','2017-12-13 19:30:58'),(453,'SIN COTIZAR-CARPETA 7 2016/2013',5,14,'CPP17120023','EF2','938201','938202','2017-12-14','2017-12-14 19:15:29','2018-04-24 17:41:33'),(454,'OBRAS AGOS.,SEP.,OCT.,NOV.,DIC. 2015',5,14,'CPP17120024','EH2','742516','742566','2017-12-18','2017-12-18 14:55:05','2018-04-24 17:41:49'),(455,'OBRAS NOV.,DIC. 2011\r\nFEB.,MAR., 2012',5,14,'CPP17120025',NULL,'938249','938250','2017-12-18','2017-12-18 15:51:02','2017-12-18 15:51:02'),(456,'OBRAS ENE.,FEB.,MAR.,2015',5,14,'CPP17120026','EH1','742535','742557','2017-12-18','2017-12-18 17:12:32','2018-04-24 17:42:20'),(457,'OBRAS ABR.,MAY.,JUN.,JUL. 2015',5,14,'CPP17120027',NULL,'742543','742584','2017-12-18','2017-12-18 18:00:49','2017-12-18 18:00:49'),(458,'OBRAS ENERO-ABRIL 2013',5,14,'CPP17120028','EH2','938247','938248','2017-12-18','2017-12-18 18:46:34','2018-04-24 17:42:39'),(459,'OBRAS FEB.,MAR., 2013 / SEP., 2009',5,14,'CPP17120029','EH1','938233','938234','2017-12-19','2017-12-19 12:30:48','2018-04-24 17:42:54'),(460,'OBRAS SEP.,OCT.,NOV.,DIC., 2013',5,14,'CPP17120030','EH1','938235','938236','2017-12-19','2017-12-19 13:49:38','2018-04-24 17:43:08'),(461,'OBRAS ABRIL-JUNIO 2012',5,14,'CPP17120031',NULL,'938243','938242','2017-12-19','2017-12-19 14:12:42','2017-12-19 14:15:33'),(462,'OBRAS AGO.,SEP.,OCT., 2013 / 02-2010 / 01-2014',5,14,'CPP17120032',NULL,'938239','938240','2017-12-19','2017-12-19 15:35:24','2017-12-19 15:35:25'),(463,'OBRAS MAY.,JUN.,JUL.,2013',5,14,'CPP17120033',NULL,'938231','938232','2017-12-20','2017-12-20 13:06:14','2017-12-20 13:06:15'),(464,'OBRAS DICIEMBRE 2013 - S/LPL 2015 Y 2016',5,14,'CPP17120034',NULL,'938245','938246','2017-12-20','2017-12-20 13:30:10','2017-12-20 13:30:11'),(465,'OBRAS ENE., FEB., MAR., 2012',5,14,'CPP18010035',NULL,'938237','938238','2018-01-09','2018-01-09 15:04:16','2018-01-09 15:04:18'),(466,'OBRAS 2014-2015',5,14,'CPP18010036',NULL,'938252','938253','2018-01-10','2018-01-10 13:14:02','2018-01-10 13:14:03'),(467,'-Impuestos Julieta Lanteri 2013-2015 // -Agenda 2012 // -Resúmenes Tarjetas crédito RM 2015: Amex Plat, Amex Compra, Visa Plat, Masterblack, Visa BNA, Master BNA // -Resúmenes Tarjetas crédito RM 2015: Cencosud, Coto, CMR Falabella, Diners.',9,23,'DIR18010070',NULL,'938267','938268','2018-01-15','2018-01-15 19:24:30','2018-01-15 19:24:30'),(468,'-Gladys Alvarez + Fincas de Iraola 2012-2015 // -Tarjetas Crédito JE 2015: Visa Pcia, Visa Nación, Master BNA, Masterblack, Cabal, Amex Gold, CMR Falabella // - Tarjetas Corporativas: Amex 2015: RM+JE+LV+AC+FM+ADM // -Tarjetas Corporativas 2015: Cabal EMSA + MBI.',9,24,'DIJ18010071',NULL,'938269','938270','2018-01-15','2018-01-15 19:31:19','2018-01-15 19:31:19'),(469,'VALES MBI NOV-DIC 2017 + ENE-FEB 2018',6,17,'PCE18040034',NULL,'742143','742160','2018-04-24','2018-04-24 14:46:57','2018-04-24 14:46:57'),(470,'REMITOS MBI 31999 AL 32900 + EMSA 0 AL 500',6,17,'PCE18040035',NULL,'742133','742109','2018-04-24','2018-04-24 14:50:12','2018-04-24 14:50:12'),(471,'ETIQUETAS DE OBRA',6,17,'PCE18040036',NULL,'742119','742110','2018-04-24','2018-04-24 14:54:03','2018-04-24 14:54:03'),(472,'OBRA 571 - PLANOS DE FABRICA',6,34,'PCP18040037',NULL,'742136','742140','2018-04-24','2018-04-24 14:56:18','2018-04-24 14:56:18'),(473,'OBRA 582 - PLANOS DE FABRICA',6,34,'PCP18040038',NULL,'742118','742106','2018-04-24','2018-04-24 14:58:51','2018-04-24 14:58:51'),(474,'OBRA 573-PLANOS DE FABRICA',6,17,'PCE18040039',NULL,'742113','742147','2018-04-24','2018-04-24 15:04:45','2018-04-24 15:04:45'),(475,'VALES ENE-JUN 2017',6,18,'PCV18040040',NULL,'742135','742111','2018-04-24','2018-04-24 15:07:09','2018-04-24 15:07:09'),(476,'OBRAS: 595,590,591,573,597 - PLANOS DE FABRICA',6,17,'PCE18040041',NULL,'742114','742121','2018-04-24','2018-04-24 15:11:43','2018-04-24 15:11:43'),(477,'OBRAS: 547,552,561,587,571,429,589,588,580,577 - PLANOS DE FABRICA',6,34,'PCP18040042',NULL,'742107','742157','2018-04-24','2018-04-24 15:27:36','2018-04-24 15:27:36'),(478,'VALES JULIO - OCTUBRE 2017',6,17,'PCE18040043',NULL,'742108','742144','2018-04-24','2018-04-24 15:31:14','2018-04-24 15:31:14'),(479,'ETIQUETAS DE OBRA 2017',6,17,'PCE18040044',NULL,'742131','742148','2018-04-24','2018-04-24 15:32:59','2018-04-24 15:33:00'),(480,'OBRAS: 551,590,584,585 PLANOS DE FABRICA',6,34,'PCP18040045',NULL,'742174','742142','2018-04-24','2018-04-24 15:37:27','2018-04-24 15:37:27'),(481,'OBRAS: 567,572,566 -PLANOS FABRICA',6,34,'PCP18040046',NULL,'742146','742117','2018-04-24','2018-04-24 15:39:02','2018-04-24 15:39:03'),(482,'OBRAS: 569,462,575,581 - PLANOS FABRICA',6,34,'PCP18040047',NULL,'742176','742167','2018-04-24','2018-04-24 15:40:41','2018-04-24 15:40:41'),(483,'PLANOS SECUNDARIOS OBRAS: 544,552,511,548,561,568,560,566,563, 567,536,572, 564, 570, 530,547,427,429,538,509,545, 558,461,516,542,517,521,543,554,457,530',6,17,'PCE18040048',NULL,'742132','938158','2018-04-24','2018-04-24 15:45:04','2018-04-24 15:45:04'),(484,'OBRAS:563,564,560,569,570',6,34,'PCP18040049',NULL,'938161','938162','2018-04-24','2018-04-24 15:47:26','2018-04-24 15:47:26'),(485,'PARTES DIARIOS 2017',6,17,'PCE18040050',NULL,'938167','938168','2018-04-24','2018-04-24 15:55:38','2018-04-24 15:55:38'),(486,'PARTES DIARIOS 2018',6,22,'PCO18040051',NULL,'938165','938166','2018-04-24','2018-04-24 15:57:10','2018-04-24 15:57:11'),(487,'OBRAS: 536,248,206,568,511,547,553 LISTAS Y PLANOS CONTROL PRODUCCION',6,34,'PCP18040052',NULL,'938163','938164','2018-04-24','2018-04-24 15:59:26','2018-04-24 15:59:26'),(488,'PLANOS PINTURA ',6,34,'PCP18040053',NULL,'938156','938157','2018-04-24','2018-04-24 16:04:50','2018-04-24 16:04:50'),(489,'PLANOS PINTURA 2',6,17,'PCE18040054',NULL,'938154','938155','2018-04-24','2018-04-24 17:00:56','2018-04-24 17:00:56'),(490,'VALES 2015-2016',6,18,'PCV18040055',NULL,'938152','938153','2018-04-24','2018-04-24 17:01:42','2018-04-24 17:01:42');
/*!40000 ALTER TABLE `boxes` ENABLE KEYS */;
UNLOCK TABLES;

--
-- Table structure for table `categories`
--

DROP TABLE IF EXISTS `categories`;
/*!40101 SET @saved_cs_client     = @@character_set_client */;
/*!40101 SET character_set_client = utf8 */;
CREATE TABLE `categories` (
  `id` int(11) NOT NULL AUTO_INCREMENT,
  `nombre` varchar(255) COLLATE utf8_unicode_ci DEFAULT NULL,
  `cod` varchar(255) COLLATE utf8_unicode_ci DEFAULT NULL,
  `sector_id` int(11) DEFAULT NULL,
  `created_at` datetime NOT NULL,
  `updated_at` datetime NOT NULL,
  PRIMARY KEY (`id`),
  KEY `index_categories_on_sector_id` (`sector_id`),
  CONSTRAINT `fk_rails_29264fbfcd` FOREIGN KEY (`sector_id`) REFERENCES `sectors` (`id`)
) ENGINE=InnoDB AUTO_INCREMENT=38 DEFAULT CHARSET=utf8 COLLATE=utf8_unicode_ci;
/*!40101 SET character_set_client = @saved_cs_client */;

--
-- Dumping data for table `categories`
--

LOCK TABLES `categories` WRITE;
/*!40000 ALTER TABLE `categories` DISABLE KEYS */;
INSERT INTO `categories` VALUES (9,'Obras','O',3,'2016-06-24 12:18:36','2016-06-24 12:18:36'),(10,'Proveedores','P',4,'2016-06-24 12:28:21','2016-06-24 12:28:21'),(11,'Ventas','V',4,'2016-06-24 12:28:29','2016-06-24 12:28:29'),(13,'Contable','C',4,'2016-06-24 12:28:51','2016-06-24 12:28:51'),(14,'Presupuestos','P',5,'2016-06-24 12:31:00','2016-06-24 12:31:00'),(15,'Ventas','V',5,'2016-06-24 12:31:10','2016-06-24 12:31:10'),(16,'Obras','O',2,'2016-06-24 12:32:26','2016-06-24 12:32:26'),(17,'Etiquetas','E',6,'2016-06-24 12:33:27','2016-06-24 12:33:27'),(18,'Vales','V',6,'2016-06-24 12:33:36','2016-06-24 12:33:36'),(19,'Certificados','C',6,'2016-06-24 12:33:47','2016-06-24 12:33:47'),(20,'Remitos','R',6,'2016-06-24 12:33:56','2016-06-24 12:33:56'),(21,'Listas','L',6,'2016-06-24 12:34:05','2016-06-24 12:34:05'),(22,'Otros','O',6,'2016-06-24 12:34:14','2016-06-24 12:34:14'),(23,'RM','R',9,'2016-06-24 12:48:38','2016-06-24 12:48:38'),(24,'JE','J',9,'2016-06-24 12:48:51','2016-06-24 12:48:51'),(27,'Facturas','F',4,'2016-10-13 16:01:18','2016-10-13 16:01:18'),(29,'Recibos','R',8,'2016-10-31 14:57:49','2016-10-31 14:57:49'),(30,'Planillas','P',8,'2016-10-31 14:58:07','2016-10-31 14:58:07'),(31,'Legajos','L',8,'2016-10-31 14:58:22','2016-10-31 14:58:22'),(32,'Info Tecnica','I',3,'2016-11-03 12:36:39','2016-11-03 12:36:39'),(33,'Obras','O',7,'2016-11-09 17:02:25','2016-11-09 17:02:25'),(34,'Planos','P',6,'2016-11-11 13:04:55','2016-11-11 13:04:55'),(35,'Tesorería','T',4,'2016-11-16 15:09:01','2016-11-16 15:09:01'),(36,'DIRECCION','D',14,'2017-07-07 19:48:41','2017-07-07 19:48:41'),(37,'sasd','a',1,'2017-08-28 16:10:50','2017-08-28 16:10:50');
/*!40000 ALTER TABLE `categories` ENABLE KEYS */;
UNLOCK TABLES;

--
-- Table structure for table `histories`
--

DROP TABLE IF EXISTS `histories`;
/*!40101 SET @saved_cs_client     = @@character_set_client */;
/*!40101 SET character_set_client = utf8 */;
CREATE TABLE `histories` (
  `id` int(11) NOT NULL AUTO_INCREMENT,
  `user_id` int(11) DEFAULT NULL,
  `box_id` int(11) DEFAULT NULL,
  `observacion` text COLLATE utf8_unicode_ci,
  `created_at` datetime NOT NULL,
  `updated_at` datetime NOT NULL,
  `fecha` date DEFAULT NULL,
  PRIMARY KEY (`id`),
  KEY `index_histories_on_user_id` (`user_id`),
  KEY `index_histories_on_box_id` (`box_id`),
  CONSTRAINT `fk_rails_27537b3338` FOREIGN KEY (`box_id`) REFERENCES `boxes` (`id`),
  CONSTRAINT `fk_rails_ddbf5f9cca` FOREIGN KEY (`user_id`) REFERENCES `users` (`id`)
) ENGINE=InnoDB AUTO_INCREMENT=67 DEFAULT CHARSET=utf8 COLLATE=utf8_unicode_ci;
/*!40101 SET character_set_client = @saved_cs_client */;

--
-- Dumping data for table `histories`
--

LOCK TABLES `histories` WRITE;
/*!40000 ALTER TABLE `histories` DISABLE KEYS */;
INSERT INTO `histories` VALUES (1,15,172,'RETIRO CAJA.','2016-12-29 18:04:01','2017-01-03 20:49:29','2016-12-29'),(2,15,51,'RETIRO CAJA.','2017-01-03 11:12:03','2017-01-03 20:48:44','2017-01-03'),(3,15,144,'RETIRO CAJA.','2017-01-03 19:02:17','2017-01-03 20:46:39','2017-01-03'),(4,15,61,'RETIRO CAJA.','2017-01-03 19:03:03','2017-01-03 20:46:02','2017-01-03'),(5,15,166,'RETIRO CAJA.','2017-01-03 20:44:41','2017-01-03 20:44:41','2017-01-03'),(6,15,201,'RETIRO CAJA.','2017-01-20 18:32:16','2017-01-20 18:33:17','2017-01-20'),(7,15,168,'RETIRO CAJA.','2017-03-06 18:38:48','2017-03-06 18:38:48','2017-03-06'),(8,17,307,'RETIRO CAJA.','2017-03-17 19:07:51','2017-03-17 19:07:51','2017-03-17'),(9,15,172,'REGRESO CAJA.','2017-04-03 12:34:06','2017-04-03 12:34:06','2017-04-03'),(10,15,51,'REGRESO CAJA.','2017-04-03 12:35:50','2017-04-03 12:35:50','2017-04-03'),(11,15,144,'REGRESO CAJA.','2017-04-03 12:36:36','2017-04-03 12:36:36','2017-04-03'),(12,15,61,'REGRESO CAJA.','2017-04-03 12:36:53','2017-04-03 12:36:53','2017-04-03'),(13,15,166,'REGRESO CAJA.','2017-04-03 12:37:34','2017-04-03 12:37:34','2017-04-03'),(14,15,201,'REGRESO CAJA.','2017-04-03 12:38:00','2017-04-03 12:38:00','2017-04-03'),(15,15,168,'REGRESO CAJA.','2017-04-03 12:39:00','2017-04-03 12:39:00','2017-04-03'),(16,15,222,'RETIRO CAJA.','2017-04-06 14:05:51','2017-04-06 14:05:51','2017-04-06'),(17,24,271,'RETIRO CAJA.','2017-04-06 14:07:07','2017-04-06 14:07:07','2017-04-06'),(18,24,267,'REGRESO CAJA.','2017-04-10 11:27:21','2017-04-10 11:27:21','2017-04-10'),(19,15,147,'RETIRO CAJA.','2017-04-10 11:28:22','2017-04-10 11:28:22','2017-04-06'),(20,15,222,'REGRESO CAJA.\r\n','2017-04-11 18:11:41','2017-04-11 18:11:41','2017-04-11'),(21,15,146,'RETIRO CAJA.','2017-04-11 18:12:18','2017-04-11 18:12:18','2017-04-11'),(22,15,146,'REGRESO CAJA.','2017-04-24 14:25:53','2017-04-24 14:25:53','2017-04-24'),(23,15,147,'REGRESO CAJA.','2017-04-24 14:26:34','2017-04-24 14:26:34','2017-04-24'),(24,15,51,'RETIRO CAJA.','2017-04-24 14:27:36','2017-04-24 14:27:36','2017-04-24'),(25,15,53,'RETIRO CAJA.','2017-04-24 14:28:00','2017-04-24 14:28:00','2017-04-24'),(26,24,261,'RETIRO CAJA.','2017-04-26 14:56:20','2017-04-26 14:56:20','2017-04-26'),(27,24,282,'RETIRO CAJA.','2017-04-26 14:57:04','2017-04-26 14:57:04','2017-04-26'),(28,24,256,'RETIRO CAJA.','2017-04-26 14:57:36','2017-04-26 14:57:36','2017-04-26'),(29,17,340,'RETIRO CAJA.','2017-05-05 13:39:51','2017-05-05 13:39:51','2017-05-03'),(30,24,261,'REGRESO CAJA.','2017-05-05 13:41:09','2017-05-05 13:41:09','2017-05-03'),(31,24,282,'REGRESO CAJA.','2017-05-05 13:41:53','2017-05-05 13:41:53','2017-05-03'),(32,24,256,'REGRESO CAJA.','2017-05-05 13:42:59','2017-05-05 13:42:59','2017-05-03'),(33,17,307,'REGRESO CAJA.','2017-05-05 13:44:53','2017-05-05 13:44:53','2017-05-03'),(34,17,340,'REGRESO CAJA.','2017-05-05 15:23:01','2017-05-05 15:23:01','2017-05-05'),(35,34,51,'REGRESO CAJA.','2017-05-05 15:31:00','2017-05-05 15:31:00','2017-05-05'),(36,34,53,'REGRESO CAJA.','2017-05-05 15:40:05','2017-05-05 15:40:05','2017-05-05'),(37,24,271,'REGRESO CAJA.','2017-05-05 15:45:53','2017-05-05 15:45:53','2017-05-05'),(38,15,196,'RETIRO CAJA.','2017-06-02 13:28:21','2017-06-02 13:28:21','2017-06-02'),(39,15,196,'REGRESO CAJA.','2017-06-02 17:56:52','2017-06-02 17:56:52','2017-06-02'),(40,15,144,'RETIRO CAJA.','2017-06-02 17:57:58','2017-06-02 17:57:58','2017-06-02'),(41,15,175,'RETIRO CAJA.','2017-06-02 19:02:58','2017-06-02 19:02:58','2017-06-02'),(42,15,144,'REGRESO CAJA.','2017-06-12 17:21:18','2017-06-12 17:21:18','2017-06-12'),(43,15,175,'REGRESO CAJA.','2017-06-12 17:21:59','2017-06-12 17:21:59','2017-06-12'),(44,15,146,'RETIRO CAJA.','2017-06-12 17:22:32','2017-06-12 17:22:32','2017-06-12'),(45,15,147,'RETIRO CAJA.','2017-06-12 17:22:57','2017-06-12 17:22:57','2017-06-12'),(47,15,146,'REGRESO CAJA.','2017-06-12 18:06:29','2017-06-28 18:11:37','2017-06-28'),(48,15,175,'RETIRO CAJA.','2017-06-22 14:28:53','2017-06-22 14:28:53','2017-06-22'),(49,15,147,'REGRESO CAJA.','2017-06-28 18:12:37','2017-06-28 18:12:37','2017-06-28'),(51,17,292,'RETIRO CAJA.','2017-07-20 11:55:56','2017-07-20 11:55:56','2017-07-20'),(52,17,324,'RETIRO CAJA.','2017-07-26 15:21:43','2017-07-26 15:21:43','2017-07-26'),(53,42,120,'RETIRO CAJA.\r\n','2017-08-08 15:05:22','2017-08-08 15:05:22','2017-08-08'),(54,17,292,'REGRESO CAJA.','2017-08-08 15:06:19','2017-08-08 15:06:19','2017-08-08'),(55,17,324,'REGRESO CAJA.','2017-08-08 15:06:59','2017-08-08 15:06:59','2017-08-08'),(60,17,292,'RETIRO CAJA.\r\n','2017-08-23 17:03:06','2017-08-23 17:03:06','2017-08-23'),(63,17,328,'RETIRA CAJA .','2017-09-12 11:46:05','2017-09-12 11:46:05','2017-09-12'),(64,17,295,'RETIRA CAJA.','2017-09-12 11:47:03','2017-09-12 11:47:03','2017-09-12'),(65,48,16,'DEVOLVIO CAJA','2018-04-20 14:26:20','2018-04-20 14:28:41','2018-04-19'),(66,48,340,'RETIRO CAJA','2018-04-20 14:27:46','2018-04-20 14:27:46','2018-04-19');
/*!40000 ALTER TABLE `histories` ENABLE KEYS */;
UNLOCK TABLES;

--
-- Table structure for table `schema_migrations`
--

DROP TABLE IF EXISTS `schema_migrations`;
/*!40101 SET @saved_cs_client     = @@character_set_client */;
/*!40101 SET character_set_client = utf8 */;
CREATE TABLE `schema_migrations` (
  `version` varchar(255) COLLATE utf8_unicode_ci NOT NULL,
  UNIQUE KEY `unique_schema_migrations` (`version`)
) ENGINE=InnoDB DEFAULT CHARSET=utf8 COLLATE=utf8_unicode_ci;
/*!40101 SET character_set_client = @saved_cs_client */;

--
-- Dumping data for table `schema_migrations`
--

LOCK TABLES `schema_migrations` WRITE;
/*!40000 ALTER TABLE `schema_migrations` DISABLE KEYS */;
INSERT INTO `schema_migrations` VALUES ('20160603122920'),('20160603123326'),('20160603125501'),('20160603130845'),('20160603135657'),('20160603141231'),('20160607172658');
/*!40000 ALTER TABLE `schema_migrations` ENABLE KEYS */;
UNLOCK TABLES;

--
-- Table structure for table `sectors`
--

DROP TABLE IF EXISTS `sectors`;
/*!40101 SET @saved_cs_client     = @@character_set_client */;
/*!40101 SET character_set_client = utf8 */;
CREATE TABLE `sectors` (
  `id` int(11) NOT NULL AUTO_INCREMENT,
  `nombre` varchar(255) COLLATE utf8_unicode_ci DEFAULT NULL,
  `cod` varchar(255) COLLATE utf8_unicode_ci DEFAULT NULL,
  `created_at` datetime NOT NULL,
  `updated_at` datetime NOT NULL,
  PRIMARY KEY (`id`)
) ENGINE=InnoDB AUTO_INCREMENT=15 DEFAULT CHARSET=utf8 COLLATE=utf8_unicode_ci;
/*!40101 SET character_set_client = @saved_cs_client */;

--
-- Dumping data for table `sectors`
--

LOCK TABLES `sectors` WRITE;
/*!40000 ALTER TABLE `sectors` DISABLE KEYS */;
INSERT INTO `sectors` VALUES (1,'Sistemas','SS','2016-06-23 15:55:29','2016-11-10 18:33:23'),(2,'Ingenieria','IG','2016-06-23 17:10:38','2016-06-24 11:18:15'),(3,'Oficina tecnica','OT','2016-06-23 17:29:34','2016-11-10 18:33:42'),(4,'Administracion','AD','2016-06-23 20:01:21','2016-06-23 20:01:21'),(5,'Computos y presupuestos','CP','2016-06-24 11:18:42','2016-06-24 11:18:42'),(6,'Produccion Control','PC','2016-06-24 11:19:04','2016-06-24 11:19:04'),(7,'Coordinación Obras','CO','2016-06-24 11:19:28','2016-06-24 11:19:28'),(8,'RRHH','RH','2016-06-24 11:19:39','2016-06-24 11:19:39'),(9,'Dirección ','DI','2016-06-24 11:19:56','2016-06-24 11:19:56'),(10,'Pañol','PA','2016-06-24 11:20:08','2016-06-24 11:20:08'),(11,'Planta','PL','2016-06-24 11:24:11','2016-06-24 11:24:11'),(12,'Compras','OC','2016-06-24 11:24:30','2016-06-24 11:24:30'),(13,'Archivos','AR','2016-06-24 12:21:01','2016-06-24 12:21:01'),(14,'Oficina Paula','OP','2017-06-29 17:21:21','2017-06-29 17:21:21');
/*!40000 ALTER TABLE `sectors` ENABLE KEYS */;
UNLOCK TABLES;

--
-- Table structure for table `users`
--

DROP TABLE IF EXISTS `users`;
/*!40101 SET @saved_cs_client     = @@character_set_client */;
/*!40101 SET character_set_client = utf8 */;
CREATE TABLE `users` (
  `id` int(11) NOT NULL AUTO_INCREMENT,
  `sector_id` int(11) DEFAULT NULL,
  `role` varchar(255) COLLATE utf8_unicode_ci DEFAULT NULL,
  `nombre` varchar(255) COLLATE utf8_unicode_ci DEFAULT NULL,
  `apellido` varchar(255) COLLATE utf8_unicode_ci DEFAULT NULL,
  `created_at` datetime NOT NULL,
  `updated_at` datetime NOT NULL,
  `email` varchar(255) COLLATE utf8_unicode_ci NOT NULL DEFAULT '',
  `encrypted_password` varchar(255) COLLATE utf8_unicode_ci NOT NULL DEFAULT '',
  `reset_password_token` varchar(255) COLLATE utf8_unicode_ci DEFAULT NULL,
  `reset_password_sent_at` datetime DEFAULT NULL,
  `remember_created_at` datetime DEFAULT NULL,
  `sign_in_count` int(11) NOT NULL DEFAULT '0',
  `current_sign_in_at` datetime DEFAULT NULL,
  `last_sign_in_at` datetime DEFAULT NULL,
  `current_sign_in_ip` varchar(255) COLLATE utf8_unicode_ci DEFAULT NULL,
  `last_sign_in_ip` varchar(255) COLLATE utf8_unicode_ci DEFAULT NULL,
  PRIMARY KEY (`id`),
  UNIQUE KEY `index_users_on_email` (`email`),
  UNIQUE KEY `index_users_on_reset_password_token` (`reset_password_token`),
  KEY `index_users_on_sector_id` (`sector_id`),
  CONSTRAINT `fk_rails_90ad7afcbc` FOREIGN KEY (`sector_id`) REFERENCES `sectors` (`id`)
) ENGINE=InnoDB AUTO_INCREMENT=51 DEFAULT CHARSET=utf8 COLLATE=utf8_unicode_ci;
/*!40101 SET character_set_client = @saved_cs_client */;

--
-- Dumping data for table `users`
--

LOCK TABLES `users` WRITE;
/*!40000 ALTER TABLE `users` DISABLE KEYS */;
INSERT INTO `users` VALUES (1,1,'admin','julio','Contreras','2016-06-23 11:38:11','2018-04-24 18:16:16','jcontreras@millerbi.net','$2a$11$VHppck65nU3xeDwHBZUm3OaUiNywYMkbiFTEHh8K/8bAGnlPxsiTy',NULL,NULL,NULL,376,'2018-04-24 18:16:16','2018-04-24 17:29:45','159.96.45.123','159.96.45.103'),(11,13,'archivador','Braian','Gonzalez','2016-06-24 12:20:19','2017-09-12 11:43:36','archivador@millerbi.net','$2a$11$V/CunopHh7.ux4ANx1YJNOIhgl1CUJFjMNEevTTsL5F3QpbVrfCGS',NULL,NULL,NULL,144,'2017-09-12 11:43:36','2017-09-07 20:16:21','159.96.45.176','159.96.45.176'),(14,8,'jefe','Nicolas','Mercado','2016-10-31 14:48:45','2018-04-20 19:51:44','nmercado@millerbi.net','$2a$11$pHSOjq39ihb.lX4Rsc4FKu.Rw5NrTjW1PpWeAJgSMkleXTGV/mzjm',NULL,NULL,NULL,46,'2018-04-20 19:51:44','2018-04-18 12:46:53','159.96.45.170','159.96.45.170'),(15,8,'auxiliar','Sofia','Rosales','2016-10-31 14:50:11','2016-11-02 19:44:17','rrosales@millerbi.net','$2a$11$EwN4LCCGQDHYDSFngWHatuTrya6nr.n81iEItHr56H.MQG62f.BAG',NULL,NULL,NULL,2,'2016-10-31 15:28:46','2016-10-31 14:50:11','159.96.45.189','159.96.45.189'),(16,8,'jefe','Alejandro','Bühler','2016-10-31 14:51:12','2016-11-11 18:00:10','abuhler@millerbi.net','$2a$11$gBPseqP7oFxSBGKnewkykuWk6g5Hz/ZE/xPwjJByJr./NbWW3PyyW',NULL,NULL,NULL,6,'2016-11-11 18:00:10','2016-11-11 17:53:07','159.96.45.112','159.96.45.112'),(17,3,'jefe','Samuel','Padilla','2016-11-02 19:41:50','2018-04-23 14:12:06','spadilla@millerbi.net','$2a$11$gPqJeRDxC8G0V2Cui3Qq3uGgfxWfBa.FGvchPNHMwa6z1HdIZPpbe',NULL,NULL,NULL,65,'2018-04-23 14:12:06','2018-03-21 12:57:04','159.96.45.107','159.96.45.137'),(18,4,'jefe','julito','julito','2016-11-02 19:46:54','2016-12-28 15:38:58','julio.unlp2010@gmail.com','$2a$11$1whZyj1HmEG2rV3L5RXHzuZp0EII5MXUj7mYC5DXqAebakR4Ktzwu','cc7e6a671875905811aec38526fb48a5942eb4cf9b256edb74ea6e2259cdd83d','2016-11-02 19:47:01',NULL,12,'2016-12-28 15:38:58','2016-11-25 12:47:36','159.96.45.104','159.96.45.164'),(19,6,'jefe','Fernanda','Roman','2016-11-03 11:13:39','2018-01-31 16:58:55','froman@millerbi.net','$2a$11$TDJCgjdpUJUYwXFRfNSYzuxTxDFTdLn/mqVf6rkWgNxmBWD35mQEe',NULL,NULL,NULL,7,'2018-01-31 16:58:55','2018-01-31 16:58:32','159.96.45.235','159.96.45.127'),(20,6,'jefe','Irina','Wilches','2016-11-03 11:51:49','2018-04-24 18:12:16','iwilches@millerbi.net','$2a$11$eo3Z3w1YuUdwV90noIZzu.QbCpBG6y9LSUtnsGofbUTclq2IA161i',NULL,NULL,NULL,27,'2018-04-24 18:12:16','2018-04-24 17:54:51','159.96.45.132','159.96.45.132'),(22,3,'auxiliar','Flavio','Pineda','2016-11-03 12:21:42','2016-11-03 12:54:03','fpineda@millerbi.net','$2a$11$xnRQbCpIBd9GAXrW4s3ecu2tDj3kvGHaBXoK2Gsy1F3sy.f22YmbO',NULL,NULL,NULL,1,'2016-11-03 12:21:42','2016-11-03 12:21:42','159.96.45.194','159.96.45.194'),(23,3,'auxiliar','Edgardo','Quintana','2016-11-03 12:25:17','2016-11-03 12:53:30','equintana@millerbi.net','$2a$11$2bCZdtKqUJ32H0t2kseW8uvBBf0RNm6X3fqt1Gr7DsdLEcFggf.1u',NULL,NULL,NULL,1,'2016-11-03 12:25:17','2016-11-03 12:25:17','159.96.45.133','159.96.45.133'),(24,3,'auxiliar','Abel','Fernandez','2016-11-03 12:25:26','2016-11-03 12:53:06','arfernandez@millerbi.net','$2a$11$J9A2SdC4QME1eY9RprTxr.JeOx1uGTrOWDQJyDR3hjxMNR19cpxXi',NULL,NULL,NULL,1,'2016-11-03 12:25:26','2016-11-03 12:25:26','159.96.45.107','159.96.45.107'),(25,3,'auxiliar','Facundo','Cabrera','2016-11-03 12:27:05','2016-11-03 12:52:42','fcabrera@millerbi.net','$2a$11$53nEAVJTwnEmul.gRiDG3e0Lcb032n8WNr/qD1Zt4HpadaW1zW4Nq',NULL,NULL,NULL,1,'2016-11-03 12:27:05','2016-11-03 12:27:05','159.96.45.193','159.96.45.193'),(26,3,'auxiliar','Juan','Zangara','2016-11-03 12:28:36','2016-11-03 12:51:06','jzangara@millerbi.net','$2a$11$0yRt39.Ou21Y79KvnCeBFuE5r9fnBLnUFz5Rp.UFZZpEHK9ze8U2q',NULL,NULL,NULL,1,'2016-11-03 12:28:36','2016-11-03 12:28:36','159.96.45.155','159.96.45.155'),(27,3,'auxiliar','Maria','Greco','2016-11-03 12:37:47','2016-12-01 13:20:31','mgreco@millerbi.net','$2a$11$9ZuzJlKNiHIWR6oH4lqbwOWrU2bkInE4En7fTmr.tv4xL67oYLpwe',NULL,NULL,NULL,2,'2016-12-01 13:20:31','2016-11-03 12:37:47','159.96.45.158','159.96.45.144'),(28,7,'auxiliar','Soledad','Mosqueira','2016-11-03 13:36:12','2016-12-01 17:13:03','mmosqueira@millerbi.net','$2a$11$SqIpJU73ixI.V1CDRE0YmuhcHUAr/QrDMuT2v.fOY5naTI0aRoRYa',NULL,NULL,'2016-12-01 17:13:03',6,'2016-12-01 17:13:03','2016-11-11 13:06:47','159.96.45.143','159.96.45.143'),(29,7,'jefe','Flavia','Mascelli','2016-11-03 13:36:31','2018-04-18 20:18:45','fmascelli@millerbi.net','$2a$11$Yce46bay3XWqvrJuj.L7z.nkuE9ikYX8kOZQYzJ6uLcMJm11I4oRG',NULL,NULL,NULL,12,'2018-04-18 20:18:45','2017-12-11 18:30:44','159.96.45.145','159.96.45.137'),(31,5,'jefe','Luis','Segura','2016-11-11 17:11:54','2016-12-03 12:48:10','lsegura@millerbi.net','$2a$11$9X6z1YOjscztJruSIfWuvuGDKRxLfS1aPQMOkCOsakksCcjpY4lea',NULL,NULL,NULL,5,'2016-12-03 12:48:10','2016-11-11 18:01:05','159.96.45.164','159.96.45.153'),(32,5,'jefe','Jonathan','Lombardia','2016-11-11 17:11:55','2016-12-05 20:18:22','jlombardia@millerbi.net','$2a$11$lVYP68pO4y3x5I94MSiog.Mfd9tDIC05ackgd3aXlP6dl51v1Dv4a',NULL,NULL,NULL,2,'2016-12-05 20:18:22','2016-11-11 17:11:55','159.96.45.126','159.96.45.187'),(33,9,'jefe','Hugo','Ledezma','2016-11-11 17:34:07','2018-04-24 17:50:02','hledezma@millerbi.net','$2a$11$phZgCWcJELlTDm6yoBlCi.pZs.odlQ3FBp0rll4ZgRH/sKTK.UCga',NULL,NULL,NULL,11,'2018-04-24 17:50:02','2017-12-26 16:39:54','159.96.45.103','159.96.45.160'),(34,8,'jefe','Sofia','Rosalez','2016-11-11 17:42:51','2017-11-16 17:40:35','srosales@millerbi.net','$2a$11$Kslchx7ykZs0eqRGXexdQun4Cb3TM4n3HO7RpdDexdCDvZ2R6Fd7G',NULL,NULL,NULL,88,'2017-11-16 17:40:35','2017-11-06 17:17:25','159.96.45.158','159.96.45.144'),(35,1,'admin','Gustavo','Cerveri','2016-11-16 15:17:50','2016-11-16 15:18:16','gcerveri@millerbi.net','$2a$11$MH6n4JpoYrGi/mefukoEnOQAqC4pxNBERUx5DXi5.BUt5MhhysK5S',NULL,NULL,NULL,1,'2016-11-16 15:17:51','2016-11-16 15:17:51','159.96.45.189','159.96.45.189'),(36,4,'jefe','CARLOS','PARANAO','2016-11-22 15:04:29','2016-11-22 19:06:44','cparanao@millerbi.net','$2a$11$8IX4psAMG16v.ie9WtfPveaM6.RgMBwanbYw2XA4/1uY.k7xq90Tm',NULL,NULL,NULL,3,'2016-11-22 19:06:44','2016-11-22 15:05:35','159.96.45.176','159.96.45.176'),(37,9,'jefe','Fernanda','Abdelhadi','2016-11-22 20:13:43','2018-04-23 14:39:13','secretaria@millerbi.net','$2a$11$SKQ68dfEF2w2pVc7B/L9v.AkxvYdybY4sXIDAfjAOXORDO8gVm.8W',NULL,NULL,'2018-04-12 17:15:20',69,'2018-04-23 14:39:13','2018-04-12 17:15:21','159.96.45.119','159.96.45.119'),(38,4,'jefe','Maricel','Cremaschi','2016-11-24 18:46:57','2017-04-21 12:56:27','mcremaschi@millerbi.net','$2a$11$qkVmXm7Zi2gUxxxzr3ufJuS9R1HeAHPbKroxdkPFr8G66X0mGV8Ci',NULL,NULL,NULL,14,'2017-04-21 12:56:27','2017-03-15 15:49:29','159.96.45.134','159.96.45.100'),(42,4,'jefe','Alicia','Conde','2017-08-08 13:31:15','2018-04-23 12:20:53','aconde@millerbi.net','$2a$11$WRkc12JGeP2qlo3mKryyIuVZCnI3z3LfXNNU/PuntWISFdKbGaq5S',NULL,NULL,NULL,11,'2018-04-23 12:20:53','2018-04-23 12:18:55','159.96.45.139','159.96.45.139'),(43,13,'archivador','bot','bot','2017-08-28 16:19:55','2017-08-31 17:33:32','p@millerbi.net','$2a$11$c1SEgW58np0OLlmrGHL2Xew3kc304kfoJHt8XjYTN0G.zUPTx1D9W',NULL,NULL,NULL,4,'2017-08-31 17:33:32','2017-08-30 14:37:26','159.96.45.101','159.96.45.163'),(44,8,'jefe','Macarena','Martinez','2017-11-21 19:09:52','2018-04-20 15:51:46','mmartinez@millerbi.net','$2a$11$JHHxy9HV.EWjkRBt2zogd.y4E/R2Hvo6XXpAxVZi3/BzjHgB0jOcu',NULL,NULL,NULL,17,'2018-04-20 15:51:46','2018-03-28 13:17:11','159.96.45.247','159.96.45.143'),(45,5,'jefe','Evelin','Gorosito','2017-12-05 14:36:31','2018-04-23 13:43:46','egorosito@millerbi.net','$2a$11$nbbhS6RbIgnz8Xig8q7uROrkb.2lMSxccQg2.NIsQlcLa.1zqv22K',NULL,NULL,NULL,15,'2018-04-23 13:43:46','2018-01-10 13:13:01','159.96.45.143','159.96.45.141'),(46,14,'jefe','Paula','Estevez','2017-12-07 17:36:58','2018-01-02 18:06:18','pestevez@millerbi.net','$2a$11$qC/5YzMWu0sctDQI6uuBleM3q90Avj4pKURExYQg8C8EegXGG.g/O',NULL,NULL,NULL,3,'2018-01-02 18:06:18','2017-12-07 17:37:43','159.96.45.137','159.96.45.107'),(47,8,'jefe','Fernando ','Puente','2018-03-19 18:44:42','2018-03-22 19:16:33','fpuente@millerbi.net','$2a$11$J0mjFU/1dlzOMvh/BugA7u35qdiAahwNPfgP2vYP6cWAQX43xcZ4S',NULL,NULL,NULL,4,'2018-03-22 19:16:33','2018-03-21 13:50:18','159.96.45.138','159.96.45.145'),(48,3,'jefe','Ramiro','Valenzuela','2018-04-19 18:22:24','2018-04-19 18:23:45','rvalenzuela@millerbi.net','$2a$11$AFcFUJt5wVYPPy5UTny3G.8Yj69OZcjXR3uHAQECGtEN64MfKjRfa',NULL,NULL,NULL,2,'2018-04-19 18:23:45','2018-04-19 18:22:24','159.96.45.108','159.96.45.133'),(49,4,'archivador','Gabriel','Paranao','2018-04-19 18:29:30','2018-04-24 17:30:34','gparanao@millerbi.net','$2a$11$gZAYW7xGVgHZkoRtQ9c3G.IbT9ucw3C/7vG26/QHFC9MUIy81kZeO',NULL,NULL,NULL,5,'2018-04-24 17:30:34','2018-04-23 12:21:20','159.96.45.103','159.96.45.139'),(50,4,'jefe','Eli','Abramo','2018-04-24 18:17:32','2018-04-24 18:18:09','eabramo@millerbi.net','$2a$11$LOdEaRhQnNZGVF/jO5aap.KwIXArMeOmjLusHx5HTFKmJ24WI0qaq',NULL,NULL,NULL,1,'2018-04-24 18:17:32','2018-04-24 18:17:32','159.96.45.123','159.96.45.123');
/*!40000 ALTER TABLE `users` ENABLE KEYS */;
UNLOCK TABLES;
/*!40103 SET TIME_ZONE=@OLD_TIME_ZONE */;

/*!40101 SET SQL_MODE=@OLD_SQL_MODE */;
/*!40014 SET FOREIGN_KEY_CHECKS=@OLD_FOREIGN_KEY_CHECKS */;
/*!40014 SET UNIQUE_CHECKS=@OLD_UNIQUE_CHECKS */;
/*!40101 SET CHARACTER_SET_CLIENT=@OLD_CHARACTER_SET_CLIENT */;
/*!40101 SET CHARACTER_SET_RESULTS=@OLD_CHARACTER_SET_RESULTS */;
/*!40101 SET COLLATION_CONNECTION=@OLD_COLLATION_CONNECTION */;
/*!40111 SET SQL_NOTES=@OLD_SQL_NOTES */;

-- Dump completed on 2018-04-25 10:30:06
